index,event,event_code,time,user,message,category,code,diff
1097,match round one,8,[0:55:56] ,thelexnard,so what youre saying is fm is back,game,9,1
1098,match round one,8,[0:55:56] ,djcyclone,sup and chat evo was so damn good this year,game,9,1
1099,match round one,8,[0:55:58] ,sweetbabybuddha,b u l l y,other,10,1
1100,match round one,8,[0:56:03] ,jabmasher,i have like k left but theyre so precious might gonna buy the bundle instead,game,9,1
1101,match round one,8,[0:56:04] ,rd,i think the bundle is already out pretty sure i just picked it up on steam,game,9,1
1102,match round one,8,[0:56:04] ,poorygone,did sony announce anything,question,8,1
1103,match round one,8,[0:56:06] ,squalladv,who has bigger boobies and booty lucia or cammy thats the true question,question,8,1
1104,match round one,8,[0:56:08] ,rashidoo,blocking crossups,other,10,1
1105,match round one,8,[0:56:09] ,mstockwell,bundle is out,game,9,1
1106,match round one,8,[0:56:09] ,taken,im getting the bundle,game,9,1
1107,match round one,8,[0:56:09] ,megatonbeef,djcyclone so much hype,other,10,1
1108,match round one,8,[0:56:10] ,bymindx,are you on steam i thought the bundle is out,game,9,1
1109,match round one,8,[0:56:12] ,mir,another immoral session i see,other,10,1
1110,match round one,8,[0:56:13] ,serow,its out on steam,game,9,1
1111,match round one,8,[0:56:14] ,dvitra,fighting rookies,other,10,1
1112,match round one,8,[0:56:15] ,azraelgt,translation quit complaining start grinding,other,10,1
1113,match round one,8,[0:56:16] ,fscorn,bully time vesperrage,other,10,1
1114,match round one,8,[0:56:22] ,blingximus,burn to fight,request,1,1
1115,match round one,8,[0:56:24] ,hexapro,httpsstoresteampoweredcomappstreetfightervsummercharacterbundle,other,10,1
1116,match round one,8,[0:56:25] ,hennesyhufflepuf,rollback is a go,other,10,1
1117,match round one,8,[0:56:26] ,mtbd,you look like honda you should main him yo,comment,2,1
1118,match round one,8,[0:56:28] ,daveski,i just bought the bundle on steam,game,9,1
1119,match round one,8,[0:56:30] ,ninodiablo,the bundle is already out on some psn regions,game,9,1
1120,match round one,8,[0:56:31] ,drragemonster,lucia has no wake up and no armor on ex run rip,cdesign,4,1
1121,match round one,8,[0:56:31] ,johnieshabravo,who cut on the lag,question,8,1
1122,match round one,8,[0:56:37] ,enderhuntercep,p e r d o n,cinfo,5,1
1123,match round one,8,[0:56:38] ,majestichimeros,smurf arcade evocry evocry evocry,other,10,1
1124,match round one,8,[0:56:40] ,damonejr,what gives you that much fm in min,question,8,1
1125,match round one,8,[0:56:43] ,sonicboomattack,bully arcade at it again,other,10,1
1126,match round one,8,[0:56:43] ,inodmyheadwhenilose,man what a bully,other,10,1
1127,match round one,8,[0:56:44] ,ssjdill,good night any changes to the fight money system,game,9,1
1128,match round one,8,[0:56:45] ,ventolin,i dont see the bundle on ps can buy individual though,game,9,1
1129,match round one,8,[0:56:45] ,djcyclone,megatonbeef all the top s were so good,other,10,1
1130,match round one,8,[0:56:47] ,kfigueroa,bullying rookies this is why they dont play street fighter,game,9,1
1131,match round one,8,[0:56:47] ,someguyzero,suplex city,other,10,1
1132,match round one,8,[0:56:47] ,thatjapanesedude,why do you hate,question,8,1
1133,match round one,8,[0:56:48] ,undagroundsund,mtbd,other,10,1
1134,match round one,8,[0:56:49] ,thelexnard,that throw animation is godlike,cdesign,4,1
1135,match round one,8,[0:56:51] ,mallyumansky,lucia vs blue mary at summerslam book it vince lmao,cinfo,5,1
1136,match round one,8,[0:56:51] ,daverhodus,the bundle is out on steam,game,9,1
1137,match round one,8,[0:56:51] ,badarcade,k,other,10,1
1138,match round one,8,[0:56:52] ,elliotterodriguez,best lucia in canada,cinfo,5,1
1139,match round one,8,[0:56:54] ,fscorn,he did character story modes,game,9,1
1140,match round one,8,[0:56:56] ,fscorn,for the fm,other,10,1
1141,match round one,8,[0:56:56] ,ustinodj,is vdog bullying ppl again,other,10,1
1142,match round one,8,[0:56:57] ,jabmasher,damonejr character story mode,game,9,1
1143,match round one,8,[0:56:57] ,grumpyillegal,sheop,other,10,1
1144,match round one,8,[0:56:59] ,poorygone,told ja,other,10,1
1179,match round one,8,[0:58:12] ,thatjapanesedude,still hates lucia,cinfo,5,35
1180,match round one,8,[0:58:16] ,mir,ppplp sounds weird,cinfo,5,1
1181,match round one,8,[0:58:17] ,thecheeze,minor skipping going on,other,10,1
1182,match round one,8,[0:58:17] ,mrlawyer,rashidoo can i use caps begwan,question,8,1
1183,match round one,8,[0:58:19] ,kfigueroa,i want lucia to stomp on my nutz,cinfo,5,1
1184,match round one,8,[0:58:22] ,mrmuddyk,oooof,badp,7,1
1185,match round one,8,[0:58:22] ,spydermanga,badarcade i thought the same thing,other,10,1
1186,match round one,8,[0:58:25] ,djcyclone,megatonbeef imma have to watch all of them again,game,9,1
1187,match round one,8,[0:58:25] ,blingximus,xxhildyxx does this look like new netcode lol,game,9,1
1188,match round one,8,[0:58:26] ,mrmuddyk,what is that rollback,question,8,1
1189,match round one,8,[0:58:31] ,yomothewanderer,ill see you in bronze,comment,2,1
1190,match round one,8,[0:58:37] ,squalladv,ibukitanooki check all the female chars in sfv more than half are not blonde,cdesign,4,1
1191,match round one,8,[0:58:44] ,jabmasher,improved netcode,other,10,1
1192,match round one,8,[0:58:56] ,omegaxepsilon,lucia looks really cool and has a ton of personality me,cdesign,4,1
1193,match round one,8,[0:59:00] ,majestichimeros,evousa,game,9,1
1194,match round one,8,[0:59:00] ,kfigueroa,netcode better than mk,other,10,1
1195,match round one,8,[0:59:00] ,shadowdancer,perdon,request,1,1
1196,match round one,8,[0:59:01] ,ochuckles,i wish theyd let you do hondas slaps with a quarter circle like they did with chuns lightning legs,cinfo,5,1
1197,match round one,8,[0:59:03] ,megatonbeef,squalladv and mika is jap so hers is dyed,cdesign,4,1
1198,match round one,8,[0:59:08] ,someguyzero,bar vt,other,10,1
1276,match round one,8,[1:01:46] ,squalladv,where is he,question,8,78
1277,match round one,8,[1:01:51] ,poorygone,yo that fireball,goodp,6,1
1278,match round one,8,[1:01:52] ,megawarrior,omg,goodp,6,1
1279,match round one,8,[1:01:54] ,laken,yo,goodp,6,1
1280,match round one,8,[1:01:55] ,redhotjoe,sam sho was great pc when,other,10,1
1281,match round one,8,[1:01:57] ,hiiipwr,die to her profession her hair wouldve made better sense if it were brunette not a working mom blonde,cdesign,4,1
1282,match round one,8,[1:01:57] ,jackichigotg,her stance is waaack,cdesign,4,1
1283,match round one,8,[1:01:59] ,bymindx,that stun was quick,caction,3,1
1284,match round one,8,[1:02:01] ,mtbd,why isnt that punk playable,question,8,1
1285,match round one,8,[1:02:04] ,miketales,the mixups,other,10,1
1286,match round one,8,[1:02:10] ,mrlawyer,mtbd get a girlfriend kid,other,10,1
1328,match round one,8,[1:03:34] ,sweetbabybuddha,the nullying doesnt stop,other,10,42
1329,match round one,8,[1:03:38] ,hiiipwr,c viper,other,10,1
1330,match round one,8,[1:03:41] ,swiftruina,her face on the victory screen is horrifying,cdesign,4,1
1331,match round one,8,[1:03:41] ,fedorabattlemaster,way to bully and make new players drop this game fungineer,other,10,1
1332,match round one,8,[1:03:42] ,dasvonuberschnitzel,is she worth trying,question,8,1
1333,match round one,8,[1:03:48] ,yamsandjams,whats with these aa mps,question,8,1
1334,match round one,8,[1:03:52] ,megamikex,how could you not expect the throw,comment,2,1
1335,match round one,8,[1:03:52] ,biglil,whats her health,question,8,1
1336,match round one,8,[1:03:53] ,slylataupe,whoa her face is ugly,cdesign,4,1
1337,match round one,8,[1:03:54] ,taken,i want to try luica,cinfo,5,1
1338,match round one,8,[1:03:54] ,mrmuddyk,this man is slamming his face on the controller,comment,2,1
1339,match round one,8,[1:03:57] ,mrlawyer,darnellplayer more weird than rashid fireball,cinfo,5,1
1340,match round one,8,[1:03:59] ,admiralackbarssnackbar,i hope they ban smurfs in sf,game,9,1
1341,match round one,8,[1:04:00] ,gregcanela,new characters on the screen,game,9,1
1342,match round one,8,[1:04:01] ,ssjdill,so no pro fei long deep jay rose,cinfo,5,1
1463,match round one,8,[1:07:33] ,rashidoo,we got akuma from tekken,game,9,121
1464,match round one,8,[1:07:34] ,pinksoul,final fight characters are apart of the sf universe,game,9,1
1465,match round one,8,[1:07:34] ,rashidoo,fuck,other,10,1
1466,match round one,8,[1:07:36] ,eltaninz,final fight shares the same universe though,game,9,1
1467,match round one,8,[1:07:36] ,squalladv,where is he,question,8,1
1468,match round one,8,[1:07:41] ,micksinjer,nacalli is a guest character,game,9,1
1469,match round one,8,[1:07:42] ,megatonbeef,we had sarada as a guest,game,9,1
1470,match round one,8,[1:07:44] ,ninodiablo,dont waste precious character slots on guests,game,9,1
1471,match round one,8,[1:07:49] ,thatjapanesedude,rival schools character in sfv needs to happen,game,9,1
1472,match round one,8,[1:07:51] ,yamsandjams,hondas basically a guest character at this point,game,9,1
1473,match round one,8,[1:07:53] ,abdulalm,real talk we could use geese in street fighter,game,9,1
1474,match round one,8,[1:07:54] ,katyparryfgc,i,other,10,1
1475,match round one,8,[1:07:55] ,mrlawyer,is poison she or he,question,8,1
1476,match round one,8,[1:07:57] ,micksinjer,we will never see him in sf lol,other,10,1
1477,match round one,8,[1:07:58] ,roxlyn,this guys from indiana,other,10,1
1478,match round one,8,[1:08:02] ,biglil,yall wanted honda back,request,1,1
1479,match round one,8,[1:08:03] ,mrmuddyk,cheeks,other,10,1
1480,match round one,8,[1:08:04] ,badarcade,dat ass tho,cdesign,4,1
1481,match round one,8,[1:08:04] ,roxlyn,hoosier,other,10,1
1482,match round one,8,[1:08:07] ,katyparryfgc,ill never understand why ppl dont like guests,game,9,1
1483,match round one,8,[1:08:07] ,megatonbeef,mrlawyer whatever you need,other,10,1
1484,match round one,8,[1:08:13] ,thelexnard,honda ass about to me memed,caction,3,1
1485,match round one,8,[1:08:13] ,cerealpuff,did he just jump lucia,question,8,1
1486,match round one,8,[1:08:14] ,rustedobsidian,new character hype,game,9,1
1487,match round one,8,[1:08:14] ,slylataupe,they do not welcome they are capcom,game,9,1
1488,match round one,8,[1:08:14] ,squalladv,mrlawyer whatever you want,other,10,1
1489,match round one,8,[1:08:17] ,rashidoo,i think hondas ex headbutt is like,cdesign,4,1
1490,match round one,8,[1:08:17] ,galexylo,wooah the thickness,cdesign,4,1
1491,match round one,8,[1:08:17] ,thecheeze,e honda is what we expected,cinfo,5,1
1492,match round one,8,[1:08:18] ,miketales,that boys whole booty is out,cdesign,4,1
1493,match round one,8,[1:08:19] ,ninjavanish,lol i love that throw,goodp,6,1
1494,match round one,8,[1:08:21] ,mallyumansky,omega rugal for season lol,other,10,1
1495,match round one,8,[1:08:22] ,megawarrior,honda,cinfo,5,1
1496,match round one,8,[1:08:25] ,badarcade,he should have vt,caction,3,1
1497,match round one,8,[1:08:25] ,poorygone,lmao his charge is too obvious,caction,3,1
1498,match round one,8,[1:08:26] ,peepcan,did i just saw his ass,cinfo,5,1
1590,match round one,8,[1:11:15] ,toshobro,from her trials she seems very rush downish,cinfo,5,92
1591,match round one,8,[1:11:17] ,killacam,just finished watching evo hype af swiftrage swiftrage swiftrage yet said it ended,game,9,1
1592,match round one,8,[1:11:17] ,variantx,you reek of smurf thats why he ran,other,10,1
1593,match round one,8,[1:11:22] ,yawyan,her standing mp is on block i think,other,10,1
1594,match round one,8,[1:11:23] ,omegachainox,the mirror,other,10,1
1595,match round one,8,[1:11:26] ,yamsandjams,howitzer style,other,10,1
1596,match round one,8,[1:11:28] ,clinnamon,the classic,other,10,1
1597,match round one,8,[1:11:28] ,coolvargas,chat does poison have a standing kick that hit low,question,8,1
1598,match round one,8,[1:11:29] ,poorygone,oh ken players,cinfo,5,1
1599,match round one,8,[1:11:31] ,jabmasher,ssjdill im assuming they dont play sfv thats normal,game,9,1
1600,match round one,8,[1:11:32] ,komradekontroll,keep laughing once this ken hits the lag switch its game,cinfo,5,1
1601,match round one,8,[1:11:33] ,yawyan,super danked,goodp,6,1
1602,match round one,8,[1:11:38] ,ragingmarmot,that fireball is wack,goodp,6,1
1603,match round one,8,[1:11:40] ,chronodragon,online kens head,caction,3,1
1604,match round one,8,[1:11:41] ,miketales,ken doing ken things,caction,3,1
1605,match round one,8,[1:11:45] ,abdulalm,legit online ken tech,caction,3,1
1606,match round one,8,[1:11:48] ,darnellplayer,the hate for ken in this chat smh,cinfo,5,1
1607,match round one,8,[1:11:52] ,thecheeze,flowchart ken,caction,3,1
1608,match round one,8,[1:11:52] ,gregcanela,fullscreen tatsu the forbidden weapon,caction,3,1
1609,match round one,8,[1:11:56] ,clinnamon,lucia,cinfo,5,1
1658,match round one,8,[1:13:22] ,momenti,that shit dont look good on this side ool,other,10,49
1659,match round one,8,[1:13:23] ,darnellplayer,again people bashing on ken smh,cinfo,5,1
1660,match round one,8,[1:13:25] ,poorygone,i will break her open,cinfo,5,1
1661,match round one,8,[1:13:25] ,universefour,unjourmerguez,other,10,1
1662,match round one,8,[1:13:29] ,ripbro,her animations are awful,cdesign,4,1
1663,match round one,8,[1:13:33] ,megatonbeef,ken with good internet is no go,cinfo,5,1
1664,match round one,8,[1:13:37] ,someguyzero,not bad,goodp,6,1
1665,match round one,8,[1:13:43] ,thecheeze,flowcharer,other,10,1
1666,match round one,8,[1:13:46] ,thelexnard,damn that fb on hit isnt that,other,10,1
1667,match round one,8,[1:13:48] ,badarcade,battle of the not bads,goodp,6,1
1668,match round one,8,[1:13:50] ,gregcanela,nawt bad,goodp,6,1
1669,match round one,8,[1:13:54] ,ravengear,want a coffee,other,10,1
1670,match round one,8,[1:13:56] ,taken,lucia sounds like labrys,cdesign,4,1
1671,match round one,8,[1:14:00] ,squalladv,like the song lag skill thats all you need for ken,cdesign,4,1
1672,match round one,8,[1:14:04] ,tripleaaa,her target combo is supposedly really good,cinfo,5,1
1840,match round one,8,[1:19:00] ,darnellplayer,damuffinman fair enough,other,10,168
1841,match round one,8,[1:19:00] ,poorygone,so has a main,other,10,1
1842,match round one,8,[1:19:00] ,killacam,why they make him cockeyed,question,8,1
1843,match round one,8,[1:19:02] ,washtacles,gg that was,goodp,6,1
1844,match round one,8,[1:19:03] ,inodmyheadwhenilose,id rather see honda,cinfo,5,1
1845,match round one,8,[1:19:08] ,sadodragon,bully reofail,other,10,1
1846,match round one,8,[1:19:09] ,kfigueroa,is everyone snuffing right now,other,10,1
1847,match round one,8,[1:19:16] ,ghostfromrdstrike,i just heard got sat on by a guy named edmond honda reoboon,caction,3,1
1848,match round one,8,[1:19:24] ,darnellplayer,damuffinman momochi gets top with ken and yet he doesnt get respect really smh,cinfo,5,1
1849,match round one,8,[1:19:27] ,aaron,new characters incoming smurfs,game,9,1
1850,match round one,8,[1:19:31] ,megatonbeef,kfigueroa game is free this week lots of poor people to beat up,game,9,1
1851,match round one,8,[1:19:32] ,txlead,is all the sf world warriors officially in sfv now,game,9,1
1852,match round one,8,[1:19:32] ,bobdobbz,im snuffing how bout u,other,10,1
1853,match round one,8,[1:19:33] ,aaron,everyone should know that by now,other,10,1
1854,match round one,8,[1:19:37] ,miketales,ghostfromrdstrike yeah it was hot,goodp,6,1
1855,match round one,8,[1:19:40] ,thablackoshin,can her st lk anti air,other,10,1
1856,match round one,8,[1:19:41] ,shinzo,after trying lucia and poison i prefer lucia she is pretty fun,cinfo,5,1
1857,match round one,8,[1:19:44] ,phoolish,that aint stahhpp itt,other,10,1
1858,match round one,8,[1:19:45] ,taken,yes,goodp,6,1
1859,match round one,8,[1:19:50] ,ghostfromrdstrike,miketales damn son,goodp,6,1
1860,match round one,8,[1:19:53] ,sshomes,why is the sound affect for the slaps the one for blocking,question,8,1
1861,match round one,8,[1:19:54] ,llesor,guys,other,10,1
1862,match round one,8,[1:19:58] ,llesor,its rashidoo,cinfo,5,1
1863,match round one,8,[1:20:01] ,llesor,everyone tag him,other,10,1
1864,match round one,8,[1:20:01] ,dasmesee,suspicion on account,other,10,1
1865,match round one,8,[1:20:02] ,bluandpurple,txlead yep honda was the last one left out from sfii,cinfo,5,1
1866,match round one,8,[1:20:07] ,someguyzero,rooie,other,10,1
1867,match round one,8,[1:20:09] ,thedarkfenix,big,cdesign,4,1
1868,match round one,8,[1:20:09] ,universefour,e honda cont care bout no law,cinfo,5,1
1869,match round one,8,[1:20:11] ,gregcanela,respecc the laaww,other,10,1
2120,match round one,8,[1:26:41] ,xuntouchable,stupid you have too make a smirk account,other,10,251
2121,match round one,8,[1:26:42] ,rashidoo,hes playing on his diamond account youre good,comment,2,1
2122,match round one,8,[1:26:43] ,dwtdcrow,sonic said he wil not play ranked for now,other,10,1
2123,match round one,8,[1:26:45] ,thecheeze,dat range,goodp,6,1
2124,match round one,8,[1:26:50] ,fedorabattlemaster,kappapride kappapride kappapride kappapride,other,10,1
2125,match round one,8,[1:26:53] ,gregcanela,sfv smurf edition,other,10,1
2126,match round one,8,[1:27:00] ,rashidoo,im loving honda btw,cinfo,5,1
2127,match round one,8,[1:27:02] ,rashidoo,hes great,cinfo,5,1
2128,match round one,8,[1:27:08] ,battlebrn,i just bought the bundle,game,9,1
2129,match round one,8,[1:27:09] ,darnellplayer,poison is literally poison not a real girl,cinfo,5,1
2130,match round one,8,[1:27:12] ,shinbaxter,is it me or did they quickly change poisons face a bit lol,question,8,1
2131,match round one,8,[1:27:13] ,battlebrn,playing poison now,cinfo,5,1
2132,match round one,8,[1:27:17] ,poorygone,smurf fighter,cinfo,5,1
2133,match round one,8,[1:27:17] ,bobdobbz,rashidoo agreed,other,10,1
2134,match round one,8,[1:27:19] ,megatonbeef,rashidoo best grappler,cinfo,5,1
2135,match round one,8,[1:27:19] ,xuntouchable,every character should be linked to there own rank,game,9,1
2136,match round one,8,[1:27:20] ,infectedjazz,bundle is out,game,9,1
2137,match round one,8,[1:27:22] ,renevbz,trap cosmos cosmos,other,10,1
2138,match round one,8,[1:27:24] ,kirb,how come these new characters doesnt show up on my pc,game,9,1
2139,match round one,8,[1:27:24] ,battlebrn,yesd,goodp,6,1
2140,match round one,8,[1:27:27] ,infectedjazz,i thought it came out tomorrow,game,9,1
2141,match round one,8,[1:27:32] ,ragingmarmot,all these characters seem like they put some effort into them,game,9,1
2142,match round one,8,[1:27:32] ,squalladv,not bronze at all,game,9,1
2143,match round one,8,[1:27:35] ,battlebrn,no its out now,game,9,1
2144,match round one,8,[1:27:43] ,vampirekoala,cant wait to try honda but got work,game,9,1
2145,match round one,8,[1:27:44] ,battlebrn,go to steam,game,9,1
2146,match round one,8,[1:27:46] ,someguyzero,youre getting nervous,other,10,1
2147,match round one,8,[1:27:47] ,diazhhh,what a mark,goodp,6,1
2148,match round one,8,[1:27:48] ,ezous,who won evo,question,8,1
2247,match round one,8,[1:31:14] ,toumakami,the ehonda smurf is waiting for u,game,9,99
2248,match round one,8,[1:31:16] ,fightersarg,te rascas la espalda con un palo maestro,other,10,1
2249,match round one,8,[1:31:25] ,taken,i want to try lucia and posion,cinfo,5,1
2250,match round one,8,[1:31:25] ,nytecrawla,smurf,game,9,1
2251,match round one,8,[1:31:25] ,moobot,join the arcade discord at httpsdiscordggesjxkm,other,10,1
2252,match round one,8,[1:31:27] ,leafretv,the poor newbies who downloaded sfv cause of the free trial after evo are going to uninstall,game,9,1
2253,match round one,8,[1:31:30] ,vampirekoala,bronze boy,game,9,1
2254,match round one,8,[1:31:32] ,valeriobr,bronze yeah poooound,game,9,1
2255,match round one,8,[1:31:33] ,darnellplayer,poison i want away from me,cinfo,5,1
2256,match round one,8,[1:31:39] ,omegachainox,too much waifus,other,10,1
2257,match round one,8,[1:31:40] ,hulkbusterv,may i have this dance walk,request,1,1
2258,match round one,8,[1:31:41] ,melloww,lmaoi,goodp,6,1
2259,match round one,8,[1:31:46] ,snowfarmer,dash looks fast,caction,3,1
2260,match round one,8,[1:31:55] ,someguyzero,does poison have a dp,question,8,1
2261,match round one,8,[1:31:55] ,squalladv,why only default season free tho capcom,question,8,1
2262,match round one,8,[1:32:14] ,dtested,after you do shoulder charge crouch lp into vskill,request,1,1
2263,match round one,8,[1:32:25] ,brandx,poison cr lk is i hear,cinfo,5,1
2264,match round one,8,[1:32:27] ,shinzo,if newbies were jumping into ranked right away then they would uninstall anyway not gonna get far button mashing with knowledge,game,9,1
2361,match round one,8,[1:36:30] ,eltaninz,she looks pretty amazing imo,cdesign,4,97
2362,match round one,8,[1:36:30] ,lalilulelolz,i think shes awesome,cinfo,5,1
2363,match round one,8,[1:36:32] ,izicken,good,goodp,6,1
2364,match round one,8,[1:36:33] ,enzo,she seems fun,cinfo,5,1
2365,match round one,8,[1:36:36] ,dacjosh,i think she probably has a good shimmy game,cinfo,5,1
2366,match round one,8,[1:36:37] ,taken,is the bundle out on psn yet,game,9,1
2367,match round one,8,[1:36:38] ,fedorabattlemaster,shes got,cinfo,5,1
2368,match round one,8,[1:36:38] ,johnieshabravo,shes pretty amazing,cinfo,5,1
2369,match round one,8,[1:36:39] ,kantokid,pretty solid so far,cinfo,5,1
2370,match round one,8,[1:36:39] ,yamsandjams,she seems ok,cinfo,5,1
2371,match round one,8,[1:36:40] ,zyxwhitewind,i like,goodp,6,1
2372,match round one,8,[1:36:41] ,horseapples,i dont like fireballs she seems nice otherwise,cinfo,5,1
2373,match round one,8,[1:36:41] ,thablackoshin,she dope as hell,cinfo,5,1
2374,match round one,8,[1:36:41] ,damuffinman,shes got a decent rack,cinfo,5,1
2375,match round one,8,[1:36:45] ,fedorabattlemaster,shes hot,cdesign,4,1
2376,match round one,8,[1:36:46] ,dangalfthekrey,she seems cool af,cdesign,4,1
2377,match round one,8,[1:36:48] ,noggetgump,she looks like an all around,cdesign,4,1
2378,match round one,8,[1:36:53] ,darnellplayer,she seems cool,cdesign,4,1
2379,match round one,8,[1:36:57] ,peepcan,i like her theme,cdesign,4,1
2380,match round one,8,[1:36:57] ,fyzx,fchamp is convinced lucia is top tier,cinfo,5,1
2381,match round one,8,[1:36:57] ,komradekontroll,i wanna try her out,cinfo,5,1
2382,match round one,8,[1:36:58] ,izicken,she fun for sure,cinfo,5,1
2383,match round one,8,[1:36:58] ,ninjavanish,shes better than i thought she was going to be,cinfo,5,1
2384,match round one,8,[1:36:59] ,ninodiablo,shes pretty good,cinfo,5,1
2385,match round one,8,[1:37:01] ,komradekontroll,and peep r,other,10,1
2386,match round one,8,[1:37:02] ,thatjapanesedude,her accent is top tier,cdesign,4,1
2387,match round one,8,[1:37:04] ,realtier,another blonde hggokay,cdesign,4,1
2388,match round one,8,[1:37:04] ,spacedive,harness your innner diago,other,10,1
2389,match round one,8,[1:37:06] ,brandx,dont like her animations though combos seem fine,cdesign,4,1
2390,match round one,8,[1:37:07] ,ninodiablo,a lot of mobility,cinfo,5,1
2427,match round one,8,[1:38:32] ,yamsandjams,what are friends for,question,8,37
2428,match round one,8,[1:38:33] ,empcannedpasta,there is no leaks lmaoooooooo,other,10,1
2429,match round one,8,[1:38:34] ,hurked,dont ask him for shit,other,10,1
2430,match round one,8,[1:38:34] ,gruffgridof,the sc guy took a shot at them too,other,10,1
2431,match round one,8,[1:38:36] ,taken,poor,badp,7,1
2432,match round one,8,[1:38:38] ,rashidoo,dont ask me for sht,other,10,1
2433,match round one,8,[1:38:39] ,shinzo,iy wasnt even capcoms fault about the leaks it was valve,game,9,1
2434,match round one,8,[1:38:40] ,daveski,he made fun of soul calibers choppy video too,other,10,1
2435,match round one,8,[1:38:41] ,brandx,honda on vt has mad comeback if you cant as on reflex,cinfo,5,1
2436,match round one,8,[1:38:43] ,someguyzero,bet will get revenge next year,cinfo,5,1
2437,match round one,8,[1:38:43] ,kiboshkaibutsu,uptime,other,10,1
2438,match round one,8,[1:38:44] ,moobot,has been streaming for h m,other,10,1
2439,match round one,8,[1:38:45] ,spacedive,so what was that metal gear thing snake for tekken,other,10,1
2440,match round one,8,[1:38:50] ,dangalfthekrey,harada and okubo fired shots on,cinfo,5,1
2441,match round one,8,[1:38:50] ,ragingmarmot,tough love,other,10,1
2442,match round one,8,[1:38:51] ,thatjapanesedude,came out with an aplogy scroll on stage and harada parodied it,other,10,1
2443,match round one,8,[1:38:55] ,megatonbeef,bro the arcs system guy talked shit on and got booed for it,other,10,1
2444,match round one,8,[1:39:00] ,kiboshkaibutsu,damn it missed the beginning parts,other,10,1
2445,match round one,8,[1:39:03] ,boredom,soul caliber guy made fun of too,other,10,1
2446,match round one,8,[1:39:04] ,realtier,atpharada dont ask me for shit,other,10,1
2447,match round one,8,[1:39:04] ,horseapples,harada is lucky people have low standards and seem to lap up tekken,other,10,1
2448,match round one,8,[1:39:04] ,kirb,what did harada do,question,8,1
2449,match round one,8,[1:39:07] ,spookyleonnueve,eagle would have been awesome,other,10,1
2450,match round one,8,[1:39:08] ,laughswithknives,atpharada we dont have leaks cuz we dont have shit,other,10,1
2451,match round one,8,[1:39:13] ,thatjapanesedude,that was the sc guy,other,10,1
2452,match round one,8,[1:39:14] ,ragingmarmot,they probably knew it was gaben,other,10,1
2453,match round one,8,[1:39:17] ,ninodiablo,poorygone ill have to look at some final fight videos again,other,10,1
2454,match round one,8,[1:39:18] ,poorygone,evo did that snake thing,game,9,1
2455,match round one,8,[1:39:20] ,kristoffers,you did start with lucia i love it,cinfo,5,1
2456,match round one,8,[1:39:22] ,squalladv,more smurf,request,1,1
2457,match round one,8,[1:39:27] ,xer,love this new stage,game,9,1
2458,match round one,8,[1:39:32] ,squalladv,this one is not bronze at all,game,9,1
2459,match round one,8,[1:39:33] ,roninwoof,wait why do people hate necali again,question,8,1
2460,match round one,8,[1:39:34] ,megatonbeef,poorygone rude to do,other,10,1
2461,match round one,8,[1:39:35] ,jar,lucia generic sonya,cinfo,5,1
2558,match round one,8,[1:43:58] ,ensanesane,i thought it was zeku army,other,10,97
2559,match round one,8,[1:44:05] ,metalxoath,new option in training mode what is it,game,9,1
2560,match round one,8,[1:44:06] ,renevbz,her intro is so gay,cdesign,4,1
2561,match round one,8,[1:44:07] ,squalladv,yeah juri will be nerfed for sure,cinfo,5,1
2562,match round one,8,[1:44:09] ,boubof,hi everybody no season pass just fm,other,10,1
2563,match round one,8,[1:44:10] ,menat,when are they gonna add ed,question,8,1
2564,match round one,8,[1:44:14] ,megatonbeef,thedarkfenix left for smash,other,10,1
2565,match round one,8,[1:44:15] ,acekings,renevbz lol why,other,10,1
2566,match round one,8,[1:44:16] ,ninodiablo,no balance patch,game,9,1
2567,match round one,8,[1:44:16] ,serow,the announcement was that there will be an announcement in novdec,other,10,1
2568,match round one,8,[1:44:19] ,crypticrumpet,tbh the game is in a good place balance wise,game,9,1
2569,match round one,8,[1:44:19] ,poorygone,they just announced something for nov and dec and thats it,game,9,1
2570,match round one,8,[1:44:19] ,chronodragon,karin army rise,request,1,1
2643,match round one,8,[1:47:10] ,ensanesane,final fight hype,other,10,73
2644,match round one,8,[1:47:12] ,countmeowingtonn,give the mayor some kawfee,other,10,1
2645,match round one,8,[1:47:13] ,nightmarejames,was kages vt bars before,other,10,1
2646,match round one,8,[1:47:16] ,goldcarats,she seems super interesting she just needs to be in the right hands,cdesign,4,1
2647,match round one,8,[1:47:16] ,llesor,lore battle,other,10,1
2648,match round one,8,[1:47:17] ,squalladv,lore fight ohmydog,goodp,6,1
2649,match round one,8,[1:47:17] ,darnellplayer,zyxwhitewind,other,10,1
2650,match round one,8,[1:47:18] ,naughtyjuri,solid snake better be in tekken and fuck evo shitty joke,other,10,1
2651,match round one,8,[1:47:23] ,ssjsoujiro,cannon match up,other,10,1
2652,match round one,8,[1:47:25] ,garlandu,such deep lore,goodp,6,1
2653,match round one,8,[1:47:26] ,azurewotan,is that an anti air tatsu,question,8,1
2654,match round one,8,[1:47:31] ,rorboy,tur da be ba,other,10,1
2655,match round one,8,[1:47:32] ,chronodragon,time to beat up the mayor,request,1,1
2656,match round one,8,[1:47:33] ,squalladv,naughtyjuri check evo twitter snake was just a joke,other,10,1
2657,match round one,8,[1:47:37] ,bobdobbz,honda can combo off lp hands hes a lot like sfiv,cinfo,5,1
2658,match round one,8,[1:47:37] ,crypticrumpet,it would be cool if her vt functioned like codys vt,cinfo,5,1
2659,match round one,8,[1:47:37] ,renevbz,i will get back into this game if haggar is dlc,other,10,1
2660,match round one,8,[1:47:53] ,metalxoath,are their patch notes out i know it was bug fixes and stuff but i still wanna see what changed,game,9,1
2661,match round one,8,[1:47:53] ,awoo,what are her anti airs,question,8,1
2662,match round one,8,[1:47:54] ,naughtyjuri,i know but still i dont trust the trolling,other,10,1
2663,match round one,8,[1:47:56] ,shinzo,you guys see when bonchan won and they put infexiouss name as the champion on the big screen,other,10,1
2708,match round one,8,[1:49:58] ,thafranchise,probably a complete edition and news for final cpt,game,9,45
2709,match round one,8,[1:50:03] ,sweetbabybuddha,i hope it gets leaked in september,other,10,1
2710,match round one,8,[1:50:04] ,hulkbusterv,gg baby,goodp,6,1
2711,match round one,8,[1:50:04] ,redhotjoe,oro leak,request,1,1
2712,match round one,8,[1:50:06] ,badarcade,a what,other,10,1
2713,match round one,8,[1:50:07] ,jar,about that snake thing in tekken that was just a joke according to evo,other,10,1
2714,match round one,8,[1:50:08] ,poorygone,gg looks neat,goodp,6,1
2715,match round one,8,[1:50:09] ,countmeowingtonn,that got leaked years ago,other,10,1
2716,match round one,8,[1:50:09] ,phenrixx,the new guilty gear looks sick,other,10,1
2717,match round one,8,[1:50:10] ,crypticrumpet,was oro confirmed leaked,question,8,1
2718,match round one,8,[1:50:10] ,roninwoof,who,question,8,1
2719,match round one,8,[1:50:12] ,cryojazz,tekken adding new moves to every character sc changing game systems i wish sfv announced sumn like dat,other,10,1
2720,match round one,8,[1:50:17] ,gruffgridof,probably a cell phone fighting game,other,10,1
2721,match round one,8,[1:50:17] ,someguyzero,what was the metal gear leak people were talking about,question,8,1
2722,match round one,8,[1:50:18] ,geneiyun,haomaru for scvi,other,10,1
2723,match round one,8,[1:50:23] ,domadormilagroso,no news about mvc,other,10,1
2724,match round one,8,[1:50:24] ,nightmarejames,was kages vt bars before,other,10,1
2725,match round one,8,[1:50:25] ,megatonbeef,tank for blazeblue most hype,other,10,1
2726,match round one,8,[1:50:28] ,hulkbusterv,oro gonna leak like a month early,other,10,1
2727,match round one,8,[1:50:29] ,ensanesane,does her initial kick destroy fireballs,question,8,1
2728,match round one,8,[1:50:31] ,taken,nope,other,10,1
2729,match round one,8,[1:50:33] ,kfigueroa,snake for tekken,other,10,1
2730,match round one,8,[1:50:39] ,omnihakaishin,can you buy the new characters for real cant see a packseason pass,question,8,1
2731,match round one,8,[1:50:39] ,squalladv,why oro tho vv,question,8,1
2732,match round one,8,[1:50:40] ,thatjapanesedude,myave david hayter is a huge fighting game fan,other,10,1
2733,match round one,8,[1:50:40] ,zyxwhitewind,snake was just a prank bro,other,10,1
2734,match round one,8,[1:50:41] ,themegaguy,kof was announced too right,other,10,1
2735,match round one,8,[1:50:41] ,damuffinman,mvc is prob next gen,other,10,1
2736,match round one,8,[1:50:41] ,boredom,what about leroy smith,question,8,1
2737,match round one,8,[1:50:43] ,ensanesane,aww,other,10,1
2738,match round one,8,[1:50:43] ,pipiripau,domadormilagroso thanks,other,10,1
2739,match round one,8,[1:50:43] ,phenrixx,kof is gonna be sick too,other,10,1
2740,match round one,8,[1:50:44] ,almightygod,hyped for riots fighting game,game,9,1
2741,match round one,8,[1:50:44] ,countmeowingtonn,someguyzero snake called harada on the codec saying that was some good ass tekken,other,10,1
2742,match round one,8,[1:50:45] ,crypticrumpet,gg looked amazing,goodp,6,1
2743,match round one,8,[1:50:45] ,eltaninz,do you think it will be a lol fighting game or that its gonna be a new ip,question,8,1
2744,match round one,8,[1:50:47] ,linkashbr,another character to deny ryu nice,cinfo,5,1
2745,match round one,8,[1:50:48] ,jar,gg looks like identical to the previous one,goodp,6,1
2746,match round one,8,[1:50:50] ,roninwoof,who is making a fighting hame for riot,question,8,1
2808,match round one,8,[1:52:41] ,totay,as a ryu player it kills me,cinfo,5,62
2809,match round one,8,[1:52:42] ,gruffgridof,feelsryuman,cinfo,5,1
2810,match round one,8,[1:52:42] ,omegafighter,is this character good,question,8,1
2811,match round one,8,[1:52:45] ,themrheadache,whoa her stand hp is only,cdesign,4,1
2812,match round one,8,[1:52:46] ,chronodragon,ryu will never be good in sfv,cinfo,5,1
2813,match round one,8,[1:52:47] ,linkashbr,it can be a button specials game guys calm down with the hype,game,9,1
2814,match round one,8,[1:52:49] ,shinobiaj,try that on my graves,other,10,1
2815,match round one,8,[1:52:56] ,ghostfromrdstrike,mmo dev team working on a fighting game is cool because they know how to make each character different and stand out with tons of personality,game,9,1
2816,match round one,8,[1:52:58] ,jar,hope to see sodom oro and cviper ryu is just a lost cause,cinfo,5,1
2817,match round one,8,[1:52:59] ,domadormilagroso,make ryu great again,request,1,1
2818,match round one,8,[1:53:06] ,darnellplayer,ryu and ken get all the flak for no reason,cinfo,5,1
2819,match round one,8,[1:53:07] ,battlebrn,i just cant picture moba players caring about a fighting game,game,9,1
2820,match round one,8,[1:53:09] ,ghostfromrdstrike,similar to like blizzard making a fighting game,other,10,1
2821,match round one,8,[1:53:13] ,bobdobbz,rashidoo have you seen hondas butt slap animation and sound after st fierce,cdesign,4,1
2822,match round one,8,[1:53:15] ,mosesthechosenone,sf ryu as guest character,request,1,1
2823,match round one,8,[1:53:16] ,ghostfromrdstrike,moba,other,10,1
2824,match round one,8,[1:53:18] ,ghostfromrdstrike,sorry,other,10,1
2825,match round one,8,[1:53:19] ,naughtyjuri,new guilty gear looks to have doa stage interaction to the next stage when falling off the current one,game,9,1
2826,match round one,8,[1:53:21] ,sacredsilence,im a pad player just coming back to the game any suggestions for a main,game,9,1
2827,match round one,8,[1:53:25] ,tigerbloodbeast,are you going to test out the other characters tonight,question,8,1
2828,match round one,8,[1:53:26] ,horseapples,could you imagine a blizzard fighting game theyd give all the moves cooldown,game,9,1
2829,match round one,8,[1:53:26] ,topgunlt,they need to add a gem system in sf that would modify projectile behavior,request,1,1
2830,match round one,8,[1:53:36] ,poorygone,soo specials will have cooldowns,game,9,1
2831,match round one,8,[1:53:37] ,laughswithknives,ive got k hours in dota i care about leagues fighting game,game,9,1
2832,match round one,8,[1:53:37] ,serow,reminds me of ks ein trigger,game,9,1
2833,match round one,8,[1:53:38] ,ghostfromrdstrike,gems ghostfthinking,game,9,1
2834,match round one,8,[1:53:41] ,sweetbabybuddha,ryu has a tatsu though,cinfo,5,1
2835,match round one,8,[1:53:41] ,crypticrumpet,topgunlt please no gems,request,1,1
2836,match round one,8,[1:53:44] ,leafretv,its funny cause some of the most popular league champions are the ones with super high skill caps so it wouldnt be surprising if they gravitate to a fighting game,game,9,1
2837,match round one,8,[1:53:45] ,serow,i loved that skill and its followups,goodp,6,1
2838,match round one,8,[1:53:46] ,shinzo,battlebrn dyrus has been getting really into fighting games,game,9,1
2839,match round one,8,[1:53:46] ,thedarkfenix,man ryu has just been dumped on once again,cinfo,5,1
2840,match round one,8,[1:53:47] ,clinnamon,feelsryuman,cinfo,5,1
2841,match round one,8,[1:53:47] ,ensanesane,rip,badp,7,1
2902,match round one,8,[1:56:23] ,sweetbabybuddha,mcdonalds,other,10,61
2903,match round one,8,[1:56:29] ,jar,zafina,request,1,1
2904,match round one,8,[1:56:31] ,prothype,poorygone she also reminds me of king from kof i think thats her name,cdesign,4,1
2905,match round one,8,[1:56:33] ,leafretv,curseshadowx the company that made rising thunder,game,9,1
2906,match round one,8,[1:56:38] ,ghostfromrdstrike,i thought it said capcom cup on her back,game,9,1
2907,match round one,8,[1:56:38] ,goldcarats,idom should be sponsored he put in work,game,9,1
2908,match round one,8,[1:56:38] ,omegafighter,the guilty gear trailer tho,game,9,1
2909,match round one,8,[1:56:50] ,glovecold,mishima clan hype indeed,game,9,1
2910,match round one,8,[1:56:59] ,redhotjoe,lars buffs,other,10,1
2911,match round one,8,[1:57:02] ,taken,im going to be broke,other,10,1
2912,match round one,8,[1:57:06] ,sonicnerd,leroy zafina,request,1,1
2913,match round one,8,[1:57:14] ,almightygod,yeah that gg trailer was,goodp,6,1
2947,match round one,8,[1:59:14] ,schmalthoff,euury mcdonalds lucia hahahha,cdesign,4,34
2948,match round one,8,[1:59:20] ,jar,absolutely,other,10,1
2949,match round one,8,[1:59:26] ,poorygone,he has one job,other,10,1
2950,match round one,8,[1:59:28] ,admiralackbarssnackbar,poisons whip has a hurtbox,cinfo,5,1
2951,match round one,8,[1:59:31] ,hulkbusterv,it was so baaaad,badp,7,1
2952,match round one,8,[1:59:32] ,tigerbloodbeast,chat why isnt he playing honda,question,8,1
2953,match round one,8,[1:59:43] ,someguyzero,evo production team failed hard,game,9,1
2954,match round one,8,[1:59:45] ,leoguimaraes,imagine his face seeing thatoh wait its the same face he always has,comment,2,1
2955,match round one,8,[1:59:46] ,cryojazz,whens miek russ on honda,question,8,1
2956,match round one,8,[1:59:48] ,countmeowingtonn,we voted lucia,cinfo,5,1
2957,match round one,8,[1:59:49] ,sadodragon,i wanna see,request,1,1
2958,match round one,8,[1:59:52] ,themegaguy,cuz we got this new emote,other,10,1
2959,match round one,8,[1:59:52] ,sonicnerd,infexious was so good he didnt even have to play in gf,game,9,1
2960,match round one,8,[1:59:53] ,drarkain,because we wanted to torture,request,1,1
2961,match round one,8,[1:59:59] ,inodmyheadwhenilose,deviated from the script,other,10,1
2962,match round one,8,[1:59:59] ,franzenfgc,smurfs account only enough points for character,game,9,1
2963,match round one,8,[2:00:04] ,metalxoath,tigerbloodbeast he put it up to a vote and lucia won by a landslide,game,9,1
2964,match round one,8,[2:00:09] ,stckyrick,megatonbeef real i couldnt tell lol thats great,other,10,1
3034,match round one,8,[2:03:00] ,nevernude,whats this switchbox you people are talking about,question,8,70
3035,match round one,8,[2:03:01] ,bobdobbz,i love my wooden hitbox,other,10,1
3036,match round one,8,[2:03:06] ,inodmyheadwhenilose,mk needs a patch now,request,1,1
3037,match round one,8,[2:03:10] ,cryojazz,aslan ash said hes not even the best player where hes from,other,10,1
3038,match round one,8,[2:03:12] ,someguyzero,this other characters name,other,10,1
3039,match round one,8,[2:03:13] ,azurewotan,smash top fucking sucked,other,10,1
3040,match round one,8,[2:03:16] ,leoguimaraes,they need to buff geras,request,1,1
3041,match round one,8,[2:03:18] ,nevernude,i hate the lows in mk they look silly,cdesign,4,1
3042,match round one,8,[2:03:19] ,battlebrn,this guy loves women,comment,2,1
3043,match round one,8,[2:03:20] ,rorboy,switchbox is an arcade stick and a hitbox together,other,10,1
3044,match round one,8,[2:03:20] ,nightmarejames,tekken was the worst top,other,10,1
3045,match round one,8,[2:03:22] ,ghostfromrdstrike,i actually didnt watch mk top and thats my main game right now,other,10,1
3046,match round one,8,[2:03:24] ,glovecold,kazumi was pretty good she had insane normals that guy was unstoppable,cinfo,5,1
3047,match round one,8,[2:03:24] ,battlebrn,look at hiis name,other,10,1
3048,match round one,8,[2:03:28] ,sonicnerd,thelastchrono about k,other,10,1
3092,match round one,8,[2:04:42] ,serow,character bundle is out on steam,game,9,44
3093,match round one,8,[2:04:48] ,peepcan,where is riots fighting game i thought theyre gonna reveal it,question,8,1
3094,match round one,8,[2:04:50] ,ghostfromrdstrike,cetrion,other,10,1
3095,match round one,8,[2:04:52] ,tdarkwl,not on ps,game,9,1
3096,match round one,8,[2:04:55] ,ragingmarmot,cetrion vs cassie sums up mk,other,10,1
3097,match round one,8,[2:04:55] ,aaron,this guy loves women ladies and gentleman and he wants the world to know,comment,2,1
3098,match round one,8,[2:04:57] ,someguyzero,tekken was the hardest to watch,other,10,1
3099,match round one,8,[2:04:58] ,mosesthechosenone,tdarkwl steam eu and aus psn have the bundle,other,10,1
3100,match round one,8,[2:04:59] ,bananeeftw,serow how much is it,question,8,1
3101,match round one,8,[2:05:00] ,realtier,darnellplayer dbfz passed k,other,10,1
3102,match round one,8,[2:05:03] ,sshomes,cassie,other,10,1
3103,match round one,8,[2:05:03] ,chilly,how much or just fight money chars,question,8,1
3104,match round one,8,[2:05:05] ,supremecoy,i loved mk top outside geras all were diferent characters,other,10,1
3105,match round one,8,[2:05:06] ,mosesthechosenone,na still left behind,other,10,1
3106,match round one,8,[2:05:07] ,kfigueroa,centrion i hate that character,game,9,1
3107,match round one,8,[2:05:08] ,ghostfromrdstrike,tekken was hype asf,other,10,1
3108,match round one,8,[2:05:08] ,nevernude,tekkens viewer count was insane,other,10,1
3109,match round one,8,[2:05:10] ,serow,usd i think,other,10,1
3110,match round one,8,[2:05:11] ,bustarwolf,mk is balanced because both opponents will fall asleep before the end of the match,other,10,1
3111,match round one,8,[2:05:12] ,tomfromtheclouds,good morning and chat futureman had a nice weekend,other,10,1
3112,match round one,8,[2:05:15] ,goldcarats,is it safe to say queen karin is the best in the game or nah,other,10,1
3113,match round one,8,[2:05:16] ,tdarkwl,boo,badp,7,1
3114,match round one,8,[2:05:16] ,jar,geras and sonya are fucking trashhhhh,other,10,1
3115,match round one,8,[2:05:16] ,ssjsoujiro,mk was garbage everything else was super sick tho,other,10,1
3116,match round one,8,[2:05:18] ,bingbingwahoo,samsho and dbfz gf were the best ones for me fungineer,other,10,1
3117,match round one,8,[2:05:19] ,glovecold,cetrion is a fucking injustice character,other,10,1
3118,match round one,8,[2:05:20] ,eltaninz,i felt ending evo with smash felt a bit anticlimatic,other,10,1
3119,match round one,8,[2:05:23] ,coolvargas,mk tournaments being out of the entire way is wack,other,10,1
3120,match round one,8,[2:05:25] ,battlebrn,yea that kazumi was boring as hell how bad is it when a karin player is exciting,other,10,1
3121,match round one,8,[2:05:29] ,euury,realtier dbfz was k peak on twitch,other,10,1
3206,match round one,8,[2:08:32] ,damuffinman,would still smash,other,10,85
3207,match round one,8,[2:08:33] ,mpah,ghostfromrdstrike back then yeah,other,10,1
3208,match round one,8,[2:08:38] ,jar,nightwolf design is whack that helmet is awful,other,10,1
3209,match round one,8,[2:08:39] ,squalladv,nee tehepelo,other,10,1
3210,match round one,8,[2:08:42] ,ninjavanish,poisons face looks fine,cdesign,4,1
3211,match round one,8,[2:08:43] ,bggrandall,hey does honda stage comes with the pack,question,8,1
3212,match round one,8,[2:08:44] ,ssjsoujiro,no fireball poison lets go,request,1,1
3213,match round one,8,[2:08:45] ,startropics,is poison sfw for esports xd,question,8,1
3214,match round one,8,[2:08:46] ,darnellplayer,bbtag was fun and i am unsure of getting the game,other,10,1
3215,match round one,8,[2:08:47] ,ghostfromrdstrike,mpah so yes,other,10,1
3216,match round one,8,[2:08:48] ,megatonbeef,actioncomics they giving us a tank,other,10,1
3217,match round one,8,[2:08:53] ,themegamansam,the win face looks like the wicked witch from the west,cdesign,4,1
3218,match round one,8,[2:08:56] ,eltaninz,makes me wish they redid or at least touched up a little bit some the original characters,cdesign,4,1
3219,match round one,8,[2:09:00] ,cryojazz,nostalgia poison,cinfo,5,1
3220,match round one,8,[2:09:03] ,darnellplayer,damuffinman would pull you away from a trap,other,10,1
3221,match round one,8,[2:09:05] ,roninwoof,i see nothing wrong with poisons face,cdesign,4,1
3222,match round one,8,[2:09:06] ,actioncomics,that tank looked hype as fuck,cdesign,4,1
3223,match round one,8,[2:09:09] ,kristoffers,that poison is camo colored,cdesign,4,1
3224,match round one,8,[2:09:13] ,glovecold,soul calibur was pretty great,other,10,1
3225,match round one,8,[2:09:15] ,ninodiablo,poisons face is done well just that one smile pose on the win screen so of like ibukis weird smile,cdesign,4,1
3226,match round one,8,[2:09:18] ,mpah,ghostfromrdstrike no shes a female i looked it up lmao,cdesign,4,1
3227,match round one,8,[2:09:19] ,damuffinman,darnellplayer i would need to confirm of course,other,10,1
3228,match round one,8,[2:09:20] ,admiralackbarssnackbar,dammit lucia is a better zonerr then most zoners in this game,cdesign,4,1
3229,match round one,8,[2:09:20] ,ssjsoujiro,fucking facts themegamansam,other,10,1
3230,match round one,8,[2:09:23] ,bggrandall,no fireball for poison,cinfo,5,1
3231,match round one,8,[2:09:28] ,someguyzero,she had the whip command grab vt,cinfo,5,1
3232,match round one,8,[2:09:33] ,jimmylee,good question did she lose her fireball,question,8,1
3233,match round one,8,[2:09:35] ,darnellplayer,damuffinman oh god literal facepalm,badp,7,1
3234,match round one,8,[2:09:36] ,mrlawyer,ninodiablo and kolin is ugly as fuck,cdesign,4,1
3235,match round one,8,[2:09:38] ,ghostfromrdstrike,mpah oh okay reoboon,other,10,1
3236,match round one,8,[2:09:39] ,swiftruina,spideyswing,request,1,1
3237,match round one,8,[2:09:40] ,ustinodj,smurf my ass this dude sucks,comment,2,1
3238,match round one,8,[2:09:44] ,squalladv,not bad tehepelo,goodp,6,1
3314,match round one,8,[2:13:02] ,aitcho,nice,goodp,6,76
3315,match round one,8,[2:13:11] ,anon,thats amazing,goodp,6,1
3316,match round one,8,[2:13:12] ,squalladv,ryu,request,1,1
3317,match round one,8,[2:13:14] ,yamsandjams,wow why cant juri kick fireballs like that,question,8,1
3318,match round one,8,[2:13:14] ,peepcan,ryu,request,1,1
3319,match round one,8,[2:13:14] ,ghostfromrdstrike,ryu,request,1,1
3320,match round one,8,[2:13:18] ,laughswithknives,how many times we gotta teach you this lesson old man,question,8,1
3321,match round one,8,[2:13:18] ,aitcho,she might be getting a nerf,cinfo,5,1
3322,match round one,8,[2:13:20] ,kfigueroa,do you have one from the hitbox company bobdobbz,question,8,1
3323,match round one,8,[2:13:20] ,horseapples,metalxoath but hey theres honda who will no doubt be used and not at the bottom of the character use stats,cinfo,5,1
3324,match round one,8,[2:13:21] ,ssjsoujiro,just like in kof with k,other,10,1
3325,match round one,8,[2:13:21] ,swiftruina,poor ryu,cinfo,5,1
3326,match round one,8,[2:13:22] ,darnellplayer,poor ryu and shotos what did shotos do to piss off people,cinfo,5,1
3327,match round one,8,[2:13:23] ,coolvargas,is she better than kage minik,question,8,1
3328,match round one,8,[2:13:25] ,theenygma,the answer lies in the heart of nerfs,other,10,1
3329,match round one,8,[2:13:26] ,poorygone,even said fireball is non existent in sf,cdesign,4,1
3330,match round one,8,[2:13:27] ,yamsandjams,juris frieball cancel via kick sucks ass,cdesign,4,1
3331,match round one,8,[2:13:27] ,hulkbusterv,theyre saving makoto for last shes super popular and they know shell sell,cinfo,5,1
3392,match round one,8,[2:16:45] ,mrlawyer,why theres soooooooooo many fucking ryus online,question,8,61
3393,match round one,8,[2:16:46] ,capoph,whos ryu the guy from smash,question,8,1
3394,match round one,8,[2:16:48] ,gyari,right next to kage,cinfo,5,1
3395,match round one,8,[2:16:48] ,darnellplayer,ryu is lowmid,cinfo,5,1
3396,match round one,8,[2:16:54] ,laverde,ryu secret tier,cinfo,5,1
3397,match round one,8,[2:16:54] ,themegamansam,you gotta be able to best ryu to even get on the tier list,cinfo,5,1
3398,match round one,8,[2:16:55] ,glovecold,remember when ken used to be good in the beta,cinfo,5,1
3399,match round one,8,[2:16:56] ,actioncomics,yo is it just me or is snk working overtime with samsho they basically gave away free dlc characters,game,9,1
3400,match round one,8,[2:16:57] ,metalxoath,hey at least ryu is still better then falke,cinfo,5,1
3401,match round one,8,[2:17:02] ,hulkbusterv,honda gonna fuck karin,cinfo,5,1
3402,match round one,8,[2:17:03] ,bobdobbz,kfigueroa its good its nothing fancy though just basic the normal one i will say i was bothered theres no place to rest the palm of my hands tho at first,game,9,1
3403,match round one,8,[2:17:07] ,poorygone,lucia can since she has f,cinfo,5,1
3404,match round one,8,[2:17:09] ,darnellplayer,glovecold yeah for one season until people bitched,other,10,1
3405,match round one,8,[2:17:10] ,ssjsoujiro,akuma,request,1,1
3406,match round one,8,[2:17:11] ,robzoobie,were there balance changes,question,8,1
3407,match round one,8,[2:17:12] ,aitcho,what is run,question,8,1
3408,match round one,8,[2:17:12] ,ghostfromrdstrike,when will they release ryu reofeels,question,8,1
3409,match round one,8,[2:17:13] ,icexvader,how do u have her,question,8,1
3410,match round one,8,[2:17:15] ,realtier,mrlawyer bronze players ryu is kind of a starting character i believe,game,9,1
3411,match round one,8,[2:17:24] ,capoph,hey new character this the guy from smash,game,9,1
3412,match round one,8,[2:17:27] ,damuffinman,no akumas in top was weird,cinfo,5,1
3413,match round one,8,[2:17:29] ,megatonbeef,robzoobie only minor bug fixes,game,9,1
3414,match round one,8,[2:17:30] ,hayates,f and an ex reversal is really important,other,10,1
3415,match round one,8,[2:17:34] ,supremecoy,probably for general public appeal nrs should develop characters that are good against zoningi agree dragon cetrion is not promotingt mk in good way even he play very strongly close combat frame traps,other,10,1
3416,match round one,8,[2:17:38] ,mrlawyer,realtier it does make sense,other,10,1
3417,match round one,8,[2:17:42] ,laverde,anyone on the east coast got the summer pack yet,question,8,1
3418,match round one,8,[2:17:46] ,yamsandjams,lmao,goodp,6,1
3464,match round one,8,[2:19:11] ,squalladv,erosenpai no ryu is rumored for november december,game,9,46
3465,match round one,8,[2:19:14] ,darnellplayer,roninwoof a different playstyle cant have all rushdown,game,9,1
3466,match round one,8,[2:19:25] ,abigailgodchickenfkr,damuffinman what u doing here,question,8,1
3467,match round one,8,[2:19:32] ,damuffinman,abigailgodchickenfkr,other,10,1
3468,match round one,8,[2:19:43] ,roninwoof,darnellplayer the absense of zoning does not equal rush down,other,10,1
3469,match round one,8,[2:19:48] ,predacn,i see some names i recognize,other,10,1
3470,match round one,8,[2:19:56] ,damuffinman,predacn doodbro,other,10,1
3471,match round one,8,[2:19:59] ,bobdobbz,kfigueroa i will prob get a regular one as well sometime this year im very happy with it,other,10,1
3472,match round one,8,[2:19:59] ,abigailgodchickenfkr,predacn doodbro,other,10,1
3521,match round one,8,[2:22:19] ,nightmarejames,honda seems powerful but hes abigail food,cinfo,5,49
3522,match round one,8,[2:22:19] ,anon,oh yeah did do trials already,comment,2,1
3523,match round one,8,[2:22:21] ,ghostfromrdstrike,remember this character reoboon,other,10,1
3524,match round one,8,[2:22:22] ,bobdobbz,kfigueroa httpsimgurcomgallerykvlkpt cat photo bombed,other,10,1
3525,match round one,8,[2:22:23] ,roninwoof,final fight,comment,2,1
3526,match round one,8,[2:22:23] ,darnellplayer,nurselee get ready to guess,other,10,1
3527,match round one,8,[2:22:24] ,kristoffers,shes a main character from final fight,cinfo,5,1
3528,match round one,8,[2:22:28] ,afroshouji,final fight,other,10,1
3529,match round one,8,[2:22:30] ,predacn,shes from final fight,cinfo,5,1
3530,match round one,8,[2:22:31] ,megatonbeef,kirb sounds cool,cdesign,4,1
3531,match round one,8,[2:22:32] ,themegamansam,its kage time,request,1,1
3532,match round one,8,[2:22:32] ,1,oh ok thx,other,10,1
3533,match round one,8,[2:22:35] ,naughtyjuri,first time,other,10,1
3534,match round one,8,[2:22:35] ,damuffinman,she was a final fight char,cinfo,5,1
3535,match round one,8,[2:22:41] ,poorygone,another leaked character lmao,game,9,1
3536,match round one,8,[2:22:48] ,goldcarats,omg is that evil ryu,game,9,1
3537,match round one,8,[2:22:48] ,yomothewanderer,you guys doing,other,10,1
3538,match round one,8,[2:22:50] ,nurselee,she was from final fight,cinfo,5,1
3568,match round one,8,[2:24:32] ,euury,league down hggokay hggokay hggokay,other,10,30
3569,match round one,8,[2:24:36] ,mexicanlew,wanna play some games ustinodj,other,10,1
3570,match round one,8,[2:24:40] ,aristaljunior,mkdp gives better oki right,other,10,1
3571,match round one,8,[2:24:47] ,xraiin,leaves you closer,other,10,1
3572,match round one,8,[2:24:50] ,abigailgodchickenfkr,poorygone funny that kage leaked but i didnt know until i saw the reveal during cap cup,game,9,1
3573,match round one,8,[2:24:50] ,1,ultra bronze get,game,9,1
3793,match round one,8,[2:35:00] ,darnellplayer,it seemed to lack impact the ca,comment,2,220
3794,match round one,8,[2:35:00] ,alphardegw,nah his credibility is gone dude didnt even punish sweeps,comment,2,1
3795,match round one,8,[2:35:06] ,beatsbynoelbrown,all aboard the unsub train choo choo,comment,2,1
3796,match round one,8,[2:35:07] ,tw,so can you not purchase the new characters on steam im not seeing an option,question,8,1
3797,match round one,8,[2:35:15] ,glovecold,i wish lucia had a taser,request,1,1
3798,match round one,8,[2:35:18] ,drragemonster,i think her ex run should have armor like abigails,cdesign,4,1
3799,match round one,8,[2:35:20] ,solideva,end him make him delete sfv,request,1,1
3800,match round one,8,[2:35:20] ,cxmperr,is sfv still down,question,8,1
3801,match round one,8,[2:35:26] ,namlay,run into kick after smp cmp,request,1,1
3888,match round one,8,[2:42:00] ,beatsbynoelbrown,canadian honda,comment,2,87
3889,match round one,8,[2:42:01] ,aminefifty,whens poison,question,8,1
3890,match round one,8,[2:42:11] ,geneiyun,honda is the better blanka,cinfo,5,1
3891,match round one,8,[2:42:11] ,swiftruina,it sounds like he says ill fuck you up when he pops vt,cdesign,4,1
3892,match round one,8,[2:42:20] ,zyxwhitewind,turtle behind a shield behind a wall,cdesign,4,1
3893,match round one,8,[2:42:29] ,megatonbeef,honda best grappler for sure,cinfo,5,1
3894,match round one,8,[2:42:32] ,sidebysidefgc,its okay poison has so much depth,cinfo,5,1
3895,match round one,8,[2:42:32] ,nahuelpv,until oro comes out keepo,cinfo,5,1
3896,match round one,8,[2:42:33] ,beatsbynoelbrown,i feel like this costume redesign is inferior to classic honda whyd they even bother lol,cdesign,4,1
3897,match round one,8,[2:42:35] ,hartisas,whats in november,question,8,1
3898,match round one,8,[2:42:35] ,kiboshkaibutsu,so we get these chrs to diamond,game,9,1
3899,match round one,8,[2:42:38] ,poorygone,character per month,game,9,1
3900,match round one,8,[2:42:39] ,sidebysidefgc,she has kara normals,cinfo,5,1
3901,match round one,8,[2:42:40] ,cheeapone,whats in november,question,8,1
3902,match round one,8,[2:42:47] ,themegamansam,honda doesnt turtle he bunkers up for the winter,cinfo,5,1
3903,match round one,8,[2:42:47] ,tomysalamii,new characters,game,9,1
3904,match round one,8,[2:42:48] ,someguyzero,honda rashid karin top next tourney,cinfo,5,1
3905,match round one,8,[2:42:50] ,theenygma,well you could play cassandra and zafina instead evolaugh,request,1,1
3906,match round one,8,[2:43:01] ,peepcan,why not play ryu,question,8,1
3956,match round one,8,[2:45:20] ,someguyzero,he has a suit,cdesign,4,50
3957,match round one,8,[2:45:28] ,darnellplayer,countmeowingtonn what character,comment,2,1
3958,match round one,8,[2:45:29] ,squalladv,oh yeah,other,10,1
3959,match round one,8,[2:45:37] ,themegamansam,honda but give him another pair of arms,request,1,1
3960,match round one,8,[2:45:39] ,taken,zeku theme,other,10,1
3961,match round one,8,[2:45:40] ,beatsbynoelbrown,give honda a travis scott outfit i think seemsgood,request,1,1
3962,match round one,8,[2:45:42] ,gameart,this stage is sick seemsgood,game,9,1
3963,match round one,8,[2:45:48] ,easxl,one of his colors gives him grey hair and makes him old,cdesign,4,1
3964,match round one,8,[2:45:53] ,nurselee,beatsbynoelbrown lol that would be awesome,comment,2,1
3965,match round one,8,[2:45:54] ,predacn,honda needs a big toyota chain,request,1,1
3966,match round one,8,[2:45:58] ,solitudegaming,is the bundle available for purchase now,question,8,1
3967,match round one,8,[2:46:06] ,squalladv,this stage is also k fm right,game,9,1
3968,match round one,8,[2:46:09] ,bloodtidesgm,it is on pc,question,8,1
3969,match round one,8,[2:46:09] ,squalladv,or,other,10,1
3970,match round one,8,[2:46:09] ,bobdobbz,original sf stage is sick,game,9,1
3971,match round one,8,[2:46:10] ,joiztik,k viewers,other,10,1
3972,match round one,8,[2:46:11] ,lylatsoldier,can we play with him,question,8,1
4046,match round one,8,[2:50:00] ,sidebysidefgc,all the new characters look weird,cdesign,4,74
4047,match round one,8,[2:50:11] ,shinyakimura,predacn we just got final fight characters tho,game,9,1
4048,match round one,8,[2:50:15] ,1,so janemba on the th huhanyone hyped,other,10,1
4049,match round one,8,[2:50:31] ,megatonbeef,hell ya,goodp,6,1
4050,match round one,8,[2:50:31] ,predacn,shinyakimura final fight its capcoms best franchise more never hurts,game,9,1
4051,match round one,8,[2:50:33] ,sacredsilence,sidebysidefgc ive been grinding with falke and im enjoying it gonna learn zeki,comment,2,1
4052,match round one,8,[2:50:39] ,akuma,janemba looks cool but gogeta tho,cdesign,4,1
4053,match round one,8,[2:50:45] ,aitcho,c viper,request,1,1
4284,match round one,8,[2:59:41] ,zyxwhitewind,capcom finally got tired of no one playing the new characters,game,9,231
4285,match round one,8,[2:59:41] ,easxl,honda,request,1,1
4286,match round one,8,[2:59:44] ,kiboshkaibutsu,am seeing some x ex splash,other,10,1
4287,match round one,8,[2:59:46] ,shinyakimura,waaaait was that a unique intro for vs cody,cdesign,4,1
4288,match round one,8,[2:59:48] ,hitcombo,on crossup its minus,caction,3,1
4289,match round one,8,[2:59:51] ,metalxoath,reasons i didnt want honda in the game i knew hed be stupid lol,cinfo,5,1
4290,match round one,8,[2:59:54] ,rashidoo,thisll be interesting,comment,2,1
4291,match round one,8,[2:59:56] ,tomfromtheclouds,all hail our sumo overlord vesperscratch vesperscratch vesperscratch,cinfo,5,1
4292,match round one,8,[2:59:56] ,dankmemeslov,cant wait to clap some cheeks with honda,caction,3,1
4293,match round one,8,[2:59:56] ,bellfym,for sure is going have a balance patch in the near future,game,9,1
4309,match round one,8,[3:01:42] ,freakyyyy,all three characters are so good so far,game,9,16
4310,match round one,8,[3:01:42] ,azurewotan,honda tough,cinfo,5,1
4311,match round one,8,[3:01:42] ,moobot,join the arcade discord at httpsdiscordggesjxkm,other,10,1
4312,match round one,8,[3:01:48] ,mrlawyer,laverde dude youre thirsty as fuck,other,10,1
4313,match round one,8,[3:01:58] ,bellfym,poison feels interesting,cinfo,5,1
4314,match round one,8,[3:01:59] ,poorygone,did fchamp check honda,question,8,1
4315,match round one,8,[3:02:01] ,swiftruina,do we actually have dlc characters who are good on launch,question,8,1
4365,match round one,8,[3:05:41] ,azurewotan,kansai no doubt,cdesign,4,50
4366,match round one,8,[3:05:41] ,icexvader,oooo,other,10,1
4367,match round one,8,[3:05:43] ,damuffinman,could be jersey or boston,cdesign,4,1
4368,match round one,8,[3:05:46] ,randyinhd,brooklyn accent,cdesign,4,1
4369,match round one,8,[3:05:46] ,lionheartrawr,jersey,cdesign,4,1
4370,match round one,8,[3:05:46] ,admiralackbarssnackbar,yeah kansaiben,cdesign,4,1
4371,match round one,8,[3:05:47] ,shinyakimura,she has the brooklyn rage,cdesign,4,1
4372,match round one,8,[3:05:49] ,randyinhd,lol boston what a joke,goodp,6,1
4373,match round one,8,[3:05:52] ,zyxwhitewind,i should listen and see if i can tell,comment,2,1
4374,match round one,8,[3:05:55] ,dangalfthekrey,sounds pretty boston to me the way she says koahfee,cdesign,4,1
4375,match round one,8,[3:05:58] ,johow,it says boston somewhere,cdesign,4,1
4376,match round one,8,[3:06:00] ,ghostfromrdstrike,nah that is definitely not a jersey accent,cdesign,4,1
4377,match round one,8,[3:06:15] ,countmeowingtonn,brooklyn raaaage,cdesign,4,1
4378,match round one,8,[3:06:15] ,damuffinman,its like a fked up accent honestly like a mix of shit,cdesign,4,1
4405,match round one,8,[3:07:27] ,countmeowingtonn,use it to escape hondas superior sumo body,caction,3,27
4406,match round one,8,[3:07:28] ,theenygma,its all greek to me head,cdesign,4,1
4407,match round one,8,[3:07:29] ,skohlswet,abigail shouldve had a newfie accent,cdesign,4,1
4408,match round one,8,[3:07:33] ,freakyyyy,london city,other,10,1
4409,match round one,8,[3:07:35] ,cjgrayson,for lucia,cinfo,5,1
4410,match round one,8,[3:07:36] ,dangalfthekrey,i thought lucia looked wack as shit but shes grown on me i like her accent,cdesign,4,1
4411,match round one,8,[3:07:37] ,laughswithknives,gotham,other,10,1
4412,match round one,8,[3:07:40] ,laverde,dcu,other,10,1
4413,match round one,8,[3:07:40] ,rashidoo,probably chicago or some other shithole,cdesign,4,1
4414,match round one,8,[3:07:45] ,toumakami,canada,cdesign,4,1
4415,match round one,8,[3:07:46] ,nahuelpv,boston,cdesign,4,1
4416,match round one,8,[3:07:51] ,ghostfromrdstrike,metro city is supposed to be ny,cdesign,4,1
4417,match round one,8,[3:07:52] ,johow,lionheartrawr is there a boston in canada,question,8,1
4418,match round one,8,[3:07:55] ,beatsbynoelbrown,metro city based off flint michigan,game,9,1
4419,match round one,8,[3:07:55] ,bobdobbz,ny,other,10,1
4420,match round one,8,[3:08:03] ,dangalfthekrey,rashidoo excuse you im from chicongo and thats not a chicongoan accent,cdesign,4,1
4421,match round one,8,[3:08:07] ,freakyyyy,i think boston,cdesign,4,1
4422,match round one,8,[3:08:07] ,megatonbeef,skohlswet is there a canadian tire store there,other,10,1
4423,match round one,8,[3:08:10] ,explorinlauren,its an ny accent,cdesign,4,1
4479,match round one,8,[3:10:52] ,themegaguy,inb auto combos,caction,3,56
4480,match round one,8,[3:10:52] ,jamesedsmith,win,goodp,6,1
4481,match round one,8,[3:10:56] ,azurewotan,thats unreal engine,game,9,1
4482,match round one,8,[3:11:00] ,horseapples,yeah a guilty gear with actual animations is pretty wild,cdesign,4,1
4483,match round one,8,[3:11:02] ,empgeneraltsochicken,im really excited for the new gg and kof,game,9,1
4484,match round one,8,[3:11:08] ,empgeneraltsochicken,samurai shodown is fun as hell,game,9,1
4485,match round one,8,[3:11:15] ,nnjaguy,lucia can be my california girl,cdesign,4,1
4486,match round one,8,[3:11:15] ,damuffinman,was kof announced yet,question,8,1
4487,match round one,8,[3:11:17] ,freakyyyy,gg is the best fighting game anime,game,9,1
4488,match round one,8,[3:11:20] ,lionheartrawr,ohh wiki says lucias accent i based off north philadelphia,cdesign,4,1
4489,match round one,8,[3:11:20] ,laverde,the stage transition is so sick in the new gg,game,9,1
4490,match round one,8,[3:11:22] ,swiftruina,they said a while back they were working on it i think,game,9,1
4491,match round one,8,[3:11:23] ,empgeneraltsochicken,yes kof was announced yesterday,game,9,1
4492,match round one,8,[3:11:25] ,megatonbeef,damuffinman yes,other,10,1
4493,match round one,8,[3:11:27] ,johow,haomaru in sc is sick,other,10,1
4494,match round one,8,[3:11:28] ,damuffinman,wow shit,goodp,6,1
4495,match round one,8,[3:11:36] ,damuffinman,any trailer yet,question,8,1
4496,match round one,8,[3:11:37] ,freakyyyy,but sfv ftw,other,10,1
4497,match round one,8,[3:11:38] ,horseapples,more kof gimme garou already,other,10,1
4498,match round one,8,[3:11:38] ,roninwoof,this new gg will make me care about gg again,other,10,1
4554,match round one,8,[3:15:19] ,damuffinman,sf will be for ps,game,9,56
4555,match round one,8,[3:15:24] ,laughswithknives,atprtsd,other,10,1
4556,match round one,8,[3:15:24] ,nahuelpv,no mvc,other,10,1
4557,match round one,8,[3:15:24] ,damuffinman,prob launch title,other,10,1
4558,match round one,8,[3:15:29] ,damuffinman,or close to launch,other,10,1
4559,match round one,8,[3:15:31] ,laverde,nurselee i agree,other,10,1
4560,match round one,8,[3:15:33] ,megatonbeef,sf on re engine,other,10,1
4561,match round one,8,[3:15:39] ,falciegaiah,yes no sf bring rival schools back or do a cvs game,other,10,1
4562,match round one,8,[3:15:44] ,reoayanami,nah they wont start making sf until ps is out,other,10,1
4563,match round one,8,[3:15:45] ,bobdobbz,horseapples i just mean i heard nothing about it im sure some are still playing wasnt it the netcode that hamstrung it,other,10,1
4564,match round one,8,[3:15:50] ,laverde,megatonbeef that would be sick,other,10,1
4565,match round one,8,[3:15:56] ,roninwoof,if sf is a launch game it will be the highest selling sf in history lol,game,9,1
4566,match round one,8,[3:15:59] ,sidebysidefgc,oh you can cancel her cr mk,request,1,1
4567,match round one,8,[3:16:08] ,damuffinman,i think mvc will also be ps eventually,other,10,1
4568,match round one,8,[3:16:08] ,sidebysidefgc,you gotta learn a combo with that,request,1,1
4569,match round one,8,[3:16:12] ,nurselee,laverde i mean if they do sfvi then by all means but i feel like the expectations are gonna be higher and they better not make the same mistakes like in sfv day on launch,game,9,1
4570,match round one,8,[3:16:14] ,ghostfromrdstrike,yall saying ps wont be out in the next year or so,game,9,1
4571,match round one,8,[3:16:16] ,lionheartrawr,dangalfthekrey was that in the cass trailer,other,10,1
4572,match round one,8,[3:16:16] ,khalz,said big announcements coming in november and december theres the winter bundle which has oroand something else probably super sfseason,game,9,1
4573,match round one,8,[3:16:18] ,sidebysidefgc,good sweep punish,caction,3,1
4708,match round one,8,[3:23:45] ,swiftruina,health and stun down to,cinfo,5,135
4709,match round one,8,[3:23:49] ,budafuka,the only nerfs karin needs are grapplers getting buffed,cinfo,5,1
4710,match round one,8,[3:23:53] ,beqwibber,laverde the discussion shouldnt be happening period you dont deserve anything,other,10,1
4711,match round one,8,[3:23:54] ,dangalfthekrey,rashid needs an overhaul he is so fuckin overloaded name thing he doesnt have in this game name weakness he has none literally,cinfo,5,1
4712,match round one,8,[3:23:55] ,1,is her v skill the lightning legs or the run,question,8,1
4713,match round one,8,[3:24:00] ,robzoobie,as for ratshit i mean fuck that made my day thank you,cinfo,5,1
4714,match round one,8,[3:24:04] ,ghostfromrdstrike,just give me maki and dudley and im good,request,1,1
4715,match round one,8,[3:24:05] ,rashidoo,fine ill play u in a sec,request,1,1
4716,match round one,8,[3:24:10] ,roninwoof,you act like million people buy sf,other,10,1
4717,match round one,8,[3:24:11] ,budafuka,delete rashid,request,1,1
4718,match round one,8,[3:24:13] ,rashidoo,but i warned ye,other,10,1
4719,match round one,8,[3:24:16] ,laverde,beqwibber i deserve the world and everything in it,other,10,1
4720,match round one,8,[3:24:24] ,vasionqt,have you figured anything out after roundhouse crush counter,question,8,1
4756,match round one,8,[3:26:48] ,aitcho,something new in training mode,game,9,36
4757,match round one,8,[3:26:49] ,reoayanami,considering how many problems and stock issues consoles run into at launch it would still take awhile to reach million which iwas sfvs target by then there would be plenty of titles already,game,9,1
4758,match round one,8,[3:27:02] ,beatsbynoelbrown,gief lookin like a gimp in that mask,cdesign,4,1
4759,match round one,8,[3:27:15] ,kiboshkaibutsu,am still waiting for granblue fantasy vs,other,10,1
4760,match round one,8,[3:27:17] ,leonthagod,sfv training mode is so much better than mk,game,9,1
4761,match round one,8,[3:27:32] ,gailardiagalan,roninwoof you are expecting many people to buy the ps at launch with the price tag they are charging for it at launch it would be better if they released about a year or two after launch of ps,game,9,1
4840,match round one,8,[3:34:27] ,robzoobie,is her dp fireball invincible,question,8,79
4841,match round one,8,[3:34:30] ,torasamu,ibuki,other,10,1
4842,match round one,8,[3:34:33] ,ustinodj,holy fucking damage,goodp,6,1
4843,match round one,8,[3:34:36] ,torasamu,did we talk about bonchan show,other,10,1
4844,match round one,8,[3:34:39] ,cycodamo,poor ryu lmao,cinfo,5,1
4845,match round one,8,[3:34:50] ,zyxwhitewind,okie,other,10,1
4846,match round one,8,[3:34:50] ,nightbot,okizamboney is a term used in fighting games to generally describe your wake up game to be more specific this is when players professionals mostly will set alarms to randomly wake up at odd hours of the night to play a match online before going back to sleep the idea is to make yourself better while mentally exhausted since tournaments can last as long as hours without time for rest tsuchinokodemon,game,9,1
4847,match round one,8,[3:34:58] ,nurselee,i cant because i dont have enough fight money lol,game,9,1
4848,match round one,8,[3:35:02] ,ghostfromrdstrike,this man jumps good reoboon,caction,3,1
4872,match round one,8,[3:36:38] ,torasamu,cawfeeeeeeeeeeeeeeeeeeeeeeee,other,10,24
4873,match round one,8,[3:36:41] ,machriphi,akudesyn yes bundle is out,game,9,1
4874,match round one,8,[3:36:41] ,youngj,that man dpd with all his hear and soul,comment,2,1
4875,match round one,8,[3:36:47] ,youngj,heart,request,1,1
4876,match round one,8,[3:36:55] ,clamantjtv,is it me or is she basically female ken,question,8,1
4877,match round one,8,[3:37:04] ,akudesyn,machriphi great thanks bro,other,10,1
4878,match round one,8,[3:37:05] ,shinzo,when you play rushdown and your opponent walkes themselves into the corner,question,8,1
4879,match round one,8,[3:37:07] ,ghostfromrdstrike,he had to go grab his food reoboon,other,10,1
4880,match round one,8,[3:37:11] ,machriphi,clamantjtv shes lucia from final fight which came out in,cinfo,5,1
4881,match round one,8,[3:37:14] ,umotame,nice mixup,goodp,6,1
4882,match round one,8,[3:37:23] ,themegaguy,heading off to bed good night guys vesperpalm,other,10,1
4985,match round one,8,[3:46:20] ,andersandman,character,cinfo,5,103
4986,match round one,8,[3:46:24] ,prothype,n,other,10,1
4987,match round one,8,[3:46:26] ,jabmasher,vanillarune its mostly act hes a good person,other,10,1
4988,match round one,8,[3:46:33] ,rashidoo,forgib me,other,10,1
4989,match round one,8,[3:46:35] ,aitcho,zangief cheating he starts with a foot over the line smg,other,10,1
4990,match round one,8,[3:46:37] ,rashidoo,for i have sinnd,other,10,1
4991,match round one,8,[3:46:37] ,aitcho,smh,other,10,1
4992,match round one,8,[3:46:39] ,kiboshkaibutsu,her trig seems interesting,cdesign,4,1
4993,match round one,8,[3:46:43] ,prothype,she needs to be nerfed lol,cinfo,5,1
5041,match round one,8,[3:50:19] ,mantikorew,wait did we get raided by that one samsho player,other,10,48
5042,match round one,8,[3:50:24] ,alexiidx,thank god bonchan wonrashid was a mistake,other,10,1
5043,match round one,8,[3:50:38] ,panik,bonchan really deserved it,other,10,1
5044,match round one,8,[3:50:40] ,chickencurryrice,rather karin win than rashit,request,1,1
5070,match round one,8,[3:52:31] ,joiztik,lucia is great,cdesign,4,26
5071,match round one,8,[3:52:36] ,jlocke,cup of coffe,other,10,1
5072,match round one,8,[3:52:39] ,zyxwhitewind,it means this,other,10,1
5073,match round one,8,[3:52:41] ,machriphi,stevenaitsover read it out loud,other,10,1
5074,match round one,8,[3:52:42] ,renpool,cop o coffee,other,10,1
5075,match round one,8,[3:52:43] ,shaboogen,she is definitely not butt,cdesign,4,1
5076,match round one,8,[3:52:45] ,joiztik,kupacovfefe,other,10,1
5077,match round one,8,[3:52:46] ,raics,its fine the rustier you are the more hollywood your stream is,other,10,1
5078,match round one,8,[3:52:46] ,jlocke,with an accent,cdesign,4,1
5079,match round one,8,[3:52:57] ,stevenaitsover,kupa coffee,other,10,1
5080,match round one,8,[3:52:58] ,stabsam,i really wonder if will try him,comment,2,1
5081,match round one,8,[3:53:08] ,faithinfaterestored,this theme is sick,game,9,1
5082,match round one,8,[3:53:11] ,donutz,her accent too thicc to be low tier,cdesign,4,1
5083,match round one,8,[3:53:25] ,renpool,rashid is crazy and rushdown not everyone is a fan of his unpredictable antics,cinfo,5,1
5143,match round one,8,[3:57:17] ,youknow,ex run stop is frames safer,request,1,60
5144,match round one,8,[3:57:23] ,blacque,lucias idle animation gives me the anxiety,cdesign,4,1
5145,match round one,8,[3:57:37] ,kingofrogs,kirb you are lucky,other,10,1
5146,match round one,8,[3:57:44] ,guttermagic,oh wow,goodp,6,1
5147,match round one,8,[3:57:49] ,carparkc,evoperfect,goodp,6,1
5148,match round one,8,[3:57:50] ,guttermagic,first time seeing her just now,goodp,6,1
5172,match round one,8,[3:59:02] ,rashidoo,that move is such cancer lmao,caction,3,24
5173,match round one,8,[3:59:07] ,forticon,clptpy each fm each or for the pack of,other,10,1
5174,match round one,8,[3:59:09] ,devsf,is chris t gona pick her up,question,8,1
5175,match round one,8,[3:59:15] ,ustinodj,i have a theory,other,10,1
5176,match round one,8,[3:59:16] ,clptpy,lol,goodp,6,1
5177,match round one,8,[3:59:16] ,rashidoo,these medium pokes feel really good,game,9,1
5178,match round one,8,[3:59:18] ,shaboogen,if she doesnt have oki end combos with the vskill,request,1,1
5179,match round one,8,[3:59:21] ,darnellplayer,capcom hates ken and anything like him so expect her to be smacked with the nerfs,game,9,1
5180,match round one,8,[3:59:23] ,ustinodj,aw fuk i crashed one sec,other,10,1
5181,match round one,8,[3:59:28] ,youknow,shoulder is safe on block when spaced well too,request,1,1
5182,match round one,8,[3:59:32] ,ustinodj,i think i know hondas weakness tho,cinfo,5,1
5183,match round one,8,[3:59:32] ,stevenaitsover,i think strong characters like this is healthy for the gtame,cinfo,5,1
5184,match round one,8,[3:59:33] ,rashidoo,alt tabbin,other,10,1
5185,match round one,8,[3:59:36] ,kingofrogs,ok i see now she is a mix of karin and ken,cinfo,5,1
5186,match round one,8,[3:59:41] ,ustinodj,maybe,other,10,1
5187,match round one,8,[3:59:42] ,fisticuffsclub,all you have to do against her is block probably not gonna happen in silver or gold,request,1,1
5188,match round one,8,[3:59:48] ,llesor,oh nooo,badp,7,1
5189,match round one,8,[3:59:53] ,rashidoo,gorillas have no weakness they are the apex alpha,game,9,1
5190,match round one,8,[3:59:53] ,kingofrogs,she can cancel into shoulder or just a run,request,1,1
5381,match round one,8,[4:14:06] ,yunggrasshopper,but not easily punishable,cinfo,5,191
5382,match round one,8,[4:14:06] ,easxl,ikarithewarrior nope,other,10,1
5383,match round one,8,[4:14:13] ,muenshter,theyve only ever had free trial with sakura for arcade edition,game,9,1
5384,match round one,8,[4:14:26] ,mofaseni,ok thx let me guess they dollars a piece muenshter,other,10,1
5385,match round one,8,[4:14:27] ,panik,that honda outfit is sick,cdesign,4,1
5386,match round one,8,[4:14:28] ,1,frame data out cool,request,1,1
5387,match round one,8,[4:14:28] ,zyxwhitewind,s characters are free atm,game,9,1
5388,match round one,8,[4:14:46] ,ikarithewarrior,what the update is about so,question,8,1
5435,match round one,8,[4:18:34] ,machriphi,thehonorableryu final fight dog,game,9,47
5436,match round one,8,[4:18:36] ,metalxoath,lucia can ex dp akumas fireball,caction,3,1
5437,match round one,8,[4:18:38] ,mantiskilla,thehonorableryu im sure quite a few people did i still have my ff snes cart somewhere packed away from when i was younger,game,9,1
5438,match round one,8,[4:18:42] ,joiztik,hard part about poison is the whip cancel,caction,3,1
5439,match round one,8,[4:18:47] ,yunggrasshopper,not on ps tho,game,9,1
5440,match round one,8,[4:18:48] ,infectedjazz,i bought the bundle on ps eu tho so maybe not in us,game,9,1
5441,match round one,8,[4:18:48] ,mikaigamer,poison is a better falke,cinfo,5,1
5442,match round one,8,[4:18:52] ,wutevadude,right,other,10,1
5443,match round one,8,[4:18:55] ,bloodtidesgm,poison has this crappy animation cancel with one of her moves thats kind of a pain in the ass,cdesign,4,1
5444,match round one,8,[4:18:56] ,llesor,yeah the whip cancel hurts my hands,caction,3,1
5445,match round one,8,[4:19:01] ,machriphi,poison doesnt really play anything like falke,caction,3,1
5446,match round one,8,[4:19:10] ,mikaigamer,she does,other,10,1
5447,match round one,8,[4:19:12] ,vzu,joiztik how is it hard you press a kick,caction,3,1
5448,match round one,8,[4:19:18] ,mikaigamer,and she has that stupid thing like her too,cinfo,5,1
5449,match round one,8,[4:19:26] ,llesor,shes a lot more closer to menat than falke,cinfo,5,1
5450,match round one,8,[4:19:30] ,llesor,or dhalsim,other,10,1
5471,match round one,8,[4:20:59] ,stickykilkenny,hi,other,10,21
5472,match round one,8,[4:21:09] ,stickykilkenny,so how do you think of lucia so far,question,8,1
5473,match round one,8,[4:21:27] ,retrosense,female cody or rashid,cinfo,5,1
5511,match round one,8,[4:24:13] ,thatlnsomniaczack,damuffinman my hand doodinjury,other,10,38
5512,match round one,8,[4:24:20] ,machriphi,shajita okay thanks,other,10,1
5513,match round one,8,[4:24:22] ,ustinodj,poison has the falke issue where all of her combo starters are stuby,cinfo,5,1
5514,match round one,8,[4:24:25] ,rashidoo,ima mash it like that one kid mashing the stick gif,other,10,1
5515,match round one,8,[4:24:26] ,metalxoath,does anyone know if the costume code works for any of lucias costumes,question,8,1
5516,match round one,8,[4:24:29] ,mantiskilla,lucia vt is definitely better imo but man vt can do some dmg,cinfo,5,1
5517,match round one,8,[4:24:30] ,rashidoo,yeah it seems so,other,10,1
5518,match round one,8,[4:24:32] ,damuffinman,thatlnsomniaczack thats how i felt yesterday after not playing for weeks,other,10,1
5519,match round one,8,[4:24:38] ,llesor,metalxoath yeah nostalgia and summer,other,10,1
5520,match round one,8,[4:24:45] ,mantiskilla,yeah for her nostalgia ff costume she can have jacket off,other,10,1
5521,match round one,8,[4:24:46] ,thewaifuwarrior,does her fireball disappear if she is hit,question,8,1
5522,match round one,8,[4:24:47] ,mikaigamer,anyone,other,10,1
5534,match round one,8,[4:25:59] ,machriphi,thatlnsomniaczack i dont get why people say its so hard you just press k to cancel it,cinfo,5,12
5535,match round one,8,[4:26:03] ,llesor,just play matches i guess,request,1,1
5536,match round one,8,[4:26:14] ,llesor,and hopefully youll get out of the softban,other,10,1
5537,match round one,8,[4:26:28] ,rashidoo,armor fucks poison up,cdesign,4,1
5538,match round one,8,[4:26:28] ,llesor,pretty sure you can only play against other rqers,game,9,1
5539,match round one,8,[4:26:30] ,admiralackbarssnackbar,they should have called her baton vtrigger police brutality,request,1,1
5540,match round one,8,[4:26:32] ,thatlnsomniaczack,machriphi and you have to hit confirm afterwards,request,1,1
5582,match round one,8,[4:31:50] ,empgeneraltsochicken,who knows when sf and mvc are coming out,question,8,42
5583,match round one,8,[4:31:50] ,moobot,join the arcade discord at httpsdiscordggesjxkm,other,10,1
5584,match round one,8,[4:31:55] ,cjgrayson,startup,other,10,1
5585,match round one,8,[4:31:56] ,alcampy,it stuns and dhp run is a perfect meaty setup making shoulder yes its d not b my bad,caction,3,1
5767,match round one,8,[4:45:30] ,shajita,euboy here cet,other,10,182
5768,match round one,8,[4:45:31] ,jameal,i am originally from eu but live in hk,other,10,1
5769,match round one,8,[4:45:31] ,besmirt,its am here in eu,other,10,1
5770,match round one,8,[4:45:32] ,easxl,am east coast,other,10,1
5771,match round one,8,[4:45:36] ,jameal,mad protests out here atm,other,10,1
5772,match round one,8,[4:45:38] ,varodor,good morning,other,10,1
5773,match round one,8,[4:45:38] ,exgleipnir,this blanka has no idea whats going on,other,10,1
5774,match round one,8,[4:45:41] ,mrkr,eu grill,other,10,1
5775,match round one,8,[4:45:43] ,thatlnsomniaczack,murica doods,other,10,1
5776,match round one,8,[4:45:44] ,jlocke,am west side,other,10,1
5777,match round one,8,[4:45:49] ,exgleipnir,i heard hong kong is baout to go nuts,other,10,1
5778,match round one,8,[4:45:55] ,sdlgz,its am up in this biscuit,other,10,1
5779,match round one,8,[4:45:58] ,exgleipnir,cuz the grading system or something,other,10,1
5780,match round one,8,[4:46:03] ,menilapaper,am here,other,10,1
5781,match round one,8,[4:46:04] ,jameal,exgleipnir been going nuts for a while,other,10,1
5782,match round one,8,[4:46:07] ,exgleipnir,yup medium something into something else,other,10,1
5783,match round one,8,[4:46:13] ,besmirt,we need more of these streams,other,10,1
5784,match round one,8,[4:46:14] ,jameal,they closed the trains today,other,10,1
5785,match round one,8,[4:46:19] ,jameal,got home early at least ha,other,10,1
5809,match round one,8,[4:47:50] ,stickykilkenny,ultra silver,game,9,24
5810,match round one,8,[4:47:57] ,shinzo,her oki isnt great so using kicks means you have to oki after the hard knockdown,request,1,1
5811,match round one,8,[4:48:02] ,itsakili,am here,other,10,1
5812,match round one,8,[4:48:02] ,igrimninja,this guy out here gate keeping these poor silvers tsk tsk lol,game,9,1
5813,match round one,8,[4:48:03] ,exgleipnir,her hk is liteerally codys,other,10,1
5814,match round one,8,[4:48:09] ,damuffinman,i can never stream more than hours my ass starts to hurt,other,10,1
5815,match round one,8,[4:48:21] ,naughtyjuri,late night streams the best,other,10,1
5816,match round one,8,[4:48:29] ,jlocke,get a butt cushion,request,1,1
5817,match round one,8,[4:48:29] ,exgleipnir,yeah this blanka has no idea wtf is going on,cinfo,5,1
5818,match round one,8,[4:48:35] ,thatlnsomniaczack,damuffinman then get an ass cushion doodbutt,request,1,1
5819,match round one,8,[4:48:40] ,damuffinman,i might,other,10,1
5820,match round one,8,[4:48:41] ,sephsrot,this stage is gdlk,game,9,1
5864,match round one,8,[4:51:14] ,rashidoo,feelsfalkeman,other,10,44
5865,match round one,8,[4:51:15] ,shinzo,how am i a white knight ive been all over the world i speak frome xperience,other,10,1
5866,match round one,8,[4:51:17] ,ustinodj,can i shoot my brains out now,other,10,1
5867,match round one,8,[4:51:23] ,torasamu,sourpls,other,10,1
5868,match round one,8,[4:51:25] ,rashidoo,more round then yea,request,1,1
5869,match round one,8,[4:51:26] ,robzoobie,from close up as a acombo,request,1,1
5870,match round one,8,[4:51:35] ,exgleipnir,because im a black knight and i know a shiny when i see one,other,10,1
5949,match round one,8,[4:56:47] ,killacam,everyones v trigger offers something different,other,10,79
5950,match round one,8,[4:56:50] ,goodpart,shes the first main from thats made it to so i was excited but yeah,cinfo,5,1
5951,match round one,8,[4:56:52] ,cbascombe,is the character summer bundle out as yet,question,8,1
5952,match round one,8,[4:56:53] ,jlocke,minutes left on the update ammoyoda,other,10,1
5953,match round one,8,[4:57:00] ,exgleipnir,i just wanna see this ale parry for damage,request,1,1
5954,match round one,8,[4:57:00] ,renpool,who cares what she does in her free time all that matters is fighting skills,cinfo,5,1
5955,match round one,8,[4:57:07] ,machriphi,cbascombe its been out on steam for a while no idea about ps,game,9,1
5956,match round one,8,[4:57:13] ,igrimninja,if a character has or they shouldnt have a bar vtrigger they should just have bar ones cause by the time you get it your dead,game,9,1
5957,match round one,8,[4:57:17] ,exgleipnir,well if she dont fight in her free time her skills probably suck,cinfo,5,1
5958,match round one,8,[4:57:22] ,exgleipnir,pun intended,other,10,1
6009,match round one,8,[5:01:23] ,exgleipnir,cuz dont you just follow up with flip into crossup elbow anyway ambiguous,caction,3,51
6010,match round one,8,[5:01:26] ,renpool,cody is lp lp lp and down lp,cinfo,5,1
6011,match round one,8,[5:01:28] ,lejuanix,its a sagat a good champ for ranked,question,8,1
6012,match round one,8,[5:01:31] ,exgleipnir,lol,goodp,6,1
6013,match round one,8,[5:01:34] ,goodpart,if anything the outlier is sf cody,cinfo,5,1
6014,match round one,8,[5:01:37] ,famousduce,the next street fighter better be on xbox,game,9,1
6015,match round one,8,[5:01:39] ,exgleipnir,did you just call it a champion,question,8,1
6016,match round one,8,[5:01:42] ,wutevadude,thatlnsomniaczack na rarely,other,10,1
6017,match round one,8,[5:01:44] ,zeromezxc,thats a bit laggy,other,10,1
6018,match round one,8,[5:01:47] ,exgleipnir,sagat is a king boi,other,10,1
