,index,event,event_code,time,user,message,category,code,diff,group,parts
0,1145,match round two,9,[0:57:01] ,rashidoo,drragemonster her ex srk kick is an invincible reversal,caction,3,1,1,a
1,1146,match round two,9,[0:57:03] ,leoarod,how much for honda,question,8,1,1,a
2,1147,match round two,9,[0:57:05] ,hulkbusterv,lag city,game,9,1,1,a
3,1148,match round two,9,[0:57:08] ,sicayou,lmao sf netcode,other,10,1,1,a
4,1149,match round two,9,[0:57:08] ,ssjdill,any changes to the fight money system,question,8,1,1,a
5,1150,match round two,9,[0:57:12] ,yamsandjams,lol,goodp,6,1,1,a
6,1151,match round two,9,[0:57:19] ,blingximus,yo this lag tho,other,10,1,1,a
7,1152,match round two,9,[0:57:20] ,inodmyheadwhenilose,confirm,other,10,1,1,b
8,1153,match round two,9,[0:57:21] ,megatonbeef,djcyclone dragon ball was a nail bitter and infil back to win was cool,other,10,1,1,b
9,1154,match round two,9,[0:57:26] ,majestichimeros,smurf,other,10,1,1,b
10,1155,match round two,9,[0:57:27] ,blingximus,i forgot about this netcode,other,10,1,1,b
11,1156,match round two,9,[0:57:34] ,poorygone,welcome back to sf,game,9,1,1,b
12,1157,match round two,9,[0:57:37] ,madmaxtwch,is there a way to share fight money i have million and i dont play the game anymore,question,8,1,1,b
13,1158,match round two,9,[0:57:38] ,tehwrecker,what lag this is the new netcode,question,8,1,1,b
14,1159,match round two,9,[0:57:39] ,rashidoo,bully,other,10,1,1,c
15,1160,match round two,9,[0:57:40] ,igcrj,any height variation in lucias fireball,caction,3,1,1,c
16,1161,match round two,9,[0:57:40] ,hurked,win quit this bitch,cinfo,5,1,1,c
17,1162,match round two,9,[0:57:41] ,inodmyheadwhenilose,bully,other,10,1,1,c
18,1163,match round two,9,[0:57:44] ,ibukitanooki,blonde fighter v,cdesign,4,1,1,c
19,1164,match round two,9,[0:57:51] ,kfigueroa,not a rookie,other,10,1,1,c
20,1165,match round two,9,[0:57:51] ,grumpyillegal,she op need nerf,other,10,1,1,c
21,1199,match round two,9,[0:59:10] ,squalladv,did she just say perdon sorry in spanish,cdesign,4,34,2,a
22,1200,match round two,9,[0:59:10] ,xxhildyxx,blingximus i just tuned in but no and now im big sad,other,10,1,2,a
23,1201,match round two,9,[0:59:10] ,mtbd,looking forward to the lucia swimsuit,other,10,1,2,a
24,1202,match round two,9,[0:59:11] ,thecheeze,she is kind of good to use i admit,cdesign,4,1,2,a
25,1203,match round two,9,[0:59:20] ,hanzosword,still not as annoying as fang poison,cdesign,4,1,2,a
26,1204,match round two,9,[0:59:20] ,hulkbusterv,just do it,request,1,1,2,a
27,1205,match round two,9,[0:59:22] ,slowmosapien,the reads,other,10,1,2,a
28,1206,match round two,9,[0:59:31] ,elliotterodriguez,kappaross fucking mash,caction,3,1,2,b
29,1207,match round two,9,[0:59:31] ,tristar,blonde fighter if u include men,cdesign,4,1,2,b
30,1208,match round two,9,[0:59:31] ,mrlawyer,is she stronger than karin,cinfo,5,1,2,b
31,1209,match round two,9,[0:59:33] ,thatjapanesedude,this guy is no rookie,other,10,1,2,b
32,1210,match round two,9,[0:59:37] ,inodmyheadwhenilose,he teched,other,10,1,2,b
33,1211,match round two,9,[0:59:42] ,biglil,german suplex atpchar,other,10,1,2,b
34,1212,match round two,9,[0:59:48] ,supershinobi,is the ps character bundle hidden somewhere in the store,game,9,1,2,b
35,1213,match round two,9,[0:59:55] ,battlebrn,this new character is growing on me i didnt think she would,cdesign,4,1,2,c
36,1214,match round two,9,[1:00:02] ,blingximus,ayy she kinda cool,cdesign,4,1,2,c
37,1215,match round two,9,[1:00:04] ,taken,sick,goodp,6,1,2,c
38,1216,match round two,9,[1:00:06] ,mora,nicely done overswpop,goodp,6,1,2,c
39,1217,match round two,9,[1:00:06] ,johnieshabravo,shes so sick,goodp,6,1,2,c
40,1218,match round two,9,[1:00:07] ,patonline,does she played like ken,caction,3,1,2,c
41,1219,match round two,9,[1:00:07] ,megatonbeef,supershinobi i cant find it either,game,9,1,2,c
42,1220,match round two,9,[1:00:07] ,megawarrior,will lucia dethrone karin as our new blonde queen,question,8,1,2,c
43,1297,match round two,9,[1:02:26] ,slylataupe,where the trials done,question,8,77,3,a
44,1298,match round two,9,[1:02:27] ,roxlyn,kupa kawfee good name bro,goodp,6,1,3,a
45,1299,match round two,9,[1:02:30] ,freakyyyy,is cheater,other,10,1,3,a
46,1300,match round two,9,[1:02:34] ,redhotjoe,megatonbeef yup,other,10,1,3,a
47,1301,match round two,9,[1:02:39] ,thatjapanesedude,did you see the new guilty trailer,question,8,1,3,a
48,1302,match round two,9,[1:02:40] ,melloww,out here bullying rookies,other,10,1,3,b
49,1303,match round two,9,[1:02:41] ,shadowdancer,man the guys is trying to enjoy free week and is bulling him,other,10,1,3,b
50,1304,match round two,9,[1:02:42] ,thumbles,kinda like cody rock,cdesign,4,1,3,b
51,1305,match round two,9,[1:02:46] ,poorygone,bully arcade,other,10,1,3,b
52,1306,match round two,9,[1:02:50] ,someguyzero,mashing grab,request,1,1,3,b
53,1307,match round two,9,[1:02:51] ,squalladv,kupakawfee was the perfect name account p,comment,2,1,3,c
54,1308,match round two,9,[1:02:54] ,rd,her hurricane kick looks like codys vskill,caction,3,1,3,c
55,1309,match round two,9,[1:02:58] ,johnieshabravo,lcd,goodp,6,1,3,c
56,1310,match round two,9,[1:02:58] ,davidfosterflawless,wow,goodp,6,1,3,c
57,1311,match round two,9,[1:03:02] ,davidfosterflawless,it stays active,goodp,6,1,3,c
58,1312,match round two,9,[1:03:05] ,ssjdill,you think these characters would get people interested in sf again,game,9,1,3,c
59,1349,match round two,9,[1:04:27] ,freakyyyy,cup of kwuafee,other,10,37,4,a
60,1350,match round two,9,[1:04:36] ,spacedive,so is she top tier,question,8,1,4,a
61,1351,match round two,9,[1:04:37] ,thelexnard,day optimization,other,10,1,4,b
62,1352,match round two,9,[1:04:38] ,squalladv,perdon,caction,3,1,4,b
63,1353,match round two,9,[1:04:40] ,pinksoul,lmao poor sakura,cinfo,5,1,4,c
64,1502,match round two,9,[1:08:40] ,hulkbusterv,honda has a nice ass,cdesign,4,149,5,a
65,1503,match round two,9,[1:08:40] ,gregcanela,thats a thicc ass,cdesign,4,1,5,a
66,1504,match round two,9,[1:08:41] ,someguyzero,i dont like hondabullying lucia swiftrage,caction,3,1,5,a
67,1505,match round two,9,[1:08:42] ,greyseerrob,honda is hawt kappapride,cdesign,4,1,5,a
68,1506,match round two,9,[1:08:43] ,abdulalm,no one like honda lol,cdesign,4,1,5,a
69,1507,match round two,9,[1:08:46] ,cellus,i want viper,request,1,1,5,a
70,1508,match round two,9,[1:08:47] ,inodmyheadwhenilose,this chat is just weebs,other,10,1,5,a
71,1509,match round two,9,[1:08:49] ,drunkennoodlez,honda is sickkkk fuck the haters,cdesign,4,1,5,b
72,1510,match round two,9,[1:08:49] ,cellus,still,other,10,1,5,b
73,1511,match round two,9,[1:08:49] ,badarcade,can those cheeks clap times,question,8,1,5,b
74,1512,match round two,9,[1:08:56] ,rashidoo,yeah honder is cool,cinfo,5,1,5,b
75,1513,match round two,9,[1:08:57] ,darnellplayer,i didnt want honda but world warriors want him,cinfo,5,1,5,b
76,1514,match round two,9,[1:08:59] ,johnliq,honda looks good,cdesign,4,1,5,b
77,1515,match round two,9,[1:08:59] ,ninjavanish,its good to have honda back,cinfo,5,1,5,b
78,1516,match round two,9,[1:09:00] ,darknessragepr,her fb looking like ks from kof,cdesign,4,1,5,c
79,1517,match round two,9,[1:09:06] ,keikei,i want honda in jst a thong,cdesign,4,1,5,c
80,1518,match round two,9,[1:09:08] ,leoguimaraes,hondas throw is a hump,caction,3,1,5,c
81,1519,match round two,9,[1:09:08] ,squalladv,honda is really great designed for sfv,cdesign,4,1,5,c
82,1520,match round two,9,[1:09:08] ,megatonbeef,honda isnt the same without miek russ,cinfo,5,1,5,c
83,1521,match round two,9,[1:09:12] ,mir,headbutt got anti air hitboxes for the first three frames or so,caction,3,1,5,c
84,1522,match round two,9,[1:09:12] ,poorygone,hondas damage tho,cinfo,5,1,5,c
85,1523,match round two,9,[1:09:15] ,mir,also shp,other,10,1,5,c
86,1524,match round two,9,[1:09:19] ,thelexnard,you need to give someone a kupakawfee,other,10,1,5,c
87,1617,match round two,9,[1:12:06] ,poorygone,told ja,other,10,93,6,a
88,1618,match round two,9,[1:12:06] ,nosferatulive,wake up fireball,request,1,1,6,a
89,1619,match round two,9,[1:12:08] ,someguyzero,she must be kens long lost sister,cinfo,5,1,6,a
90,1620,match round two,9,[1:12:08] ,aaron,hes a fortnite player trying out for the first time,other,10,1,6,a
91,1621,match round two,9,[1:12:09] ,robobishop,lucia legit just better ken,cinfo,5,1,6,a
92,1622,match round two,9,[1:12:11] ,zyxwhitewind,this guy isnt silver yet,other,10,1,6,a
93,1623,match round two,9,[1:12:20] ,mrmuddyk,at least his connection is good,other,10,1,6,b
94,1624,match round two,9,[1:12:21] ,darnellplayer,komradekontroll i call heavy bs with this card,other,10,1,6,b
95,1625,match round two,9,[1:12:22] ,thiir,does her low medium kick cancelable,question,8,1,6,b
96,1626,match round two,9,[1:12:24] ,shawnu,lucil give me strength,request,1,1,6,b
97,1627,match round two,9,[1:12:31] ,thelexnard,every time i see this stage i think of the snes sfii turbo box art,game,9,1,6,b
98,1628,match round two,9,[1:12:33] ,clinnamon,her kicking those fireballs is kinda sick,caction,3,1,6,b
99,1629,match round two,9,[1:12:36] ,paulowebtv,not bad,goodp,6,1,6,c
100,1630,match round two,9,[1:12:36] ,mrmuddyk,not badnot ba,goodp,6,1,6,c
101,1631,match round two,9,[1:12:39] ,moravia,ken players,cinfo,5,1,6,c
102,1632,match round two,9,[1:12:45] ,ajrea,p oo p p p p p oo p,other,10,1,6,c
103,1633,match round two,9,[1:12:49] ,badarcade,they both say not bad,cinfo,5,1,6,c
104,1634,match round two,9,[1:12:50] ,cellus,the double grab whiff god,cinfo,5,1,6,c
105,1678,match round two,9,[1:14:21] ,fedorabattlemaster,is this ceroblasts console account,question,8,44,7,a
106,1679,match round two,9,[1:14:29] ,squalladv,dasmesee half the females char in sfv are nor blonde,cdesign,4,1,7,a
107,1680,match round two,9,[1:14:31] ,mrsolodolo,end a combo with her v skill she plus on hit,request,1,1,7,a
108,1681,match round two,9,[1:14:35] ,someguyzero,kens learning,caction,3,1,7,a
109,1682,match round two,9,[1:14:37] ,squalladv,dasmesee more than half actually,cdesign,4,1,7,a
110,1683,match round two,9,[1:14:38] ,topgunlt,itll be good against those annoying side switchers,cinfo,5,1,7,a
111,1684,match round two,9,[1:14:39] ,thedarkfenix,i think we spoke too soon she grew on me k ken,cinfo,5,1,7,b
112,1685,match round two,9,[1:14:40] ,poorygone,her stance is derived from final fight and they look weird,cdesign,4,1,7,b
113,1686,match round two,9,[1:14:46] ,mrlawyer,guys is her dp slow just like urien ed and falke,question,8,1,7,b
114,1687,match round two,9,[1:14:54] ,dangalfthekrey,dasmesee ikr its like capcom doesnt know theres more kinds of white people than nordics,game,9,1,7,b
115,1688,match round two,9,[1:14:57] ,garlandu,these dps are giving me ptsd,cinfo,5,1,7,b
116,1689,match round two,9,[1:14:58] ,gregcanela,hey take this,request,1,1,7,b
117,1690,match round two,9,[1:14:59] ,mrmuddyk,wow,goodp,6,1,7,c
118,1691,match round two,9,[1:15:01] ,thelexnard,no bar used too,caction,3,1,7,c
119,1692,match round two,9,[1:15:02] ,someguyzero,bouncing fireball,caction,3,1,7,c
120,1693,match round two,9,[1:15:02] ,taken,o,goodp,6,1,7,c
121,1694,match round two,9,[1:15:04] ,eeega,not bad,goodp,6,1,7,c
122,2204,match round two,9,[1:29:30] ,brandx,honda s trial damage seems broken too pffff,cinfo,5,510,8,a
123,2205,match round two,9,[1:29:32] ,mrmuddyk,web swing,other,10,1,8,a
124,2206,match round two,9,[1:29:34] ,azraelgt,mjan,other,10,1,8,a
125,2207,match round two,9,[1:29:35] ,melloww,thats a plat player,cinfo,5,1,8,a
126,2208,match round two,9,[1:29:36] ,ahnima,tarzan swing lol,caction,3,1,8,a
127,2209,match round two,9,[1:29:40] ,azraelgt,fucking keyboard,caction,3,1,8,a
128,2210,match round two,9,[1:29:42] ,hennesyhufflepuf,qcb hk into super,other,10,1,8,a
129,2211,match round two,9,[1:29:42] ,ustinodj,anyone wanna do lobbies,question,8,1,8,a
130,2212,match round two,9,[1:29:49] ,renevbz,lame theme,cdesign,4,1,8,b
131,2213,match round two,9,[1:29:51] ,tristar,everybodys smurfin,game,9,1,8,b
132,2214,match round two,9,[1:29:54] ,valeriobr,tarzan tactics,caction,3,1,8,b
133,2215,match round two,9,[1:29:55] ,dtested,sounds like someone shouldve done trials,caction,3,1,8,b
134,2216,match round two,9,[1:29:55] ,poorygone,that swing can avoid fireball too,caction,3,1,8,b
135,2217,match round two,9,[1:29:56] ,topgunlt,sf secretly turning into mvc,game,9,1,8,b
136,2218,match round two,9,[1:29:56] ,tristar,laracrazy,other,10,1,8,b
137,2219,match round two,9,[1:29:57] ,beatsbynoelbrown,did you see poisons ex donger,question,8,1,8,b
138,2220,match round two,9,[1:29:58] ,bobdobbz,azraelgt lol,goodp,6,1,8,c
139,2221,match round two,9,[1:30:02] ,leafretv,hyperrollontft,other,10,1,8,c
140,2222,match round two,9,[1:30:05] ,majestichimeros,new top tier sf playing rookie division,game,9,1,8,c
141,2223,match round two,9,[1:30:05] ,azraelgt,ustinodj downloading patch i can tomorrow tho,game,9,1,8,c
142,2224,match round two,9,[1:30:06] ,pequenospock,this guy is a lol player,comment,2,1,8,c
143,2225,match round two,9,[1:30:20] ,valeriobr,welcome smurfs d,game,9,1,8,c
144,2226,match round two,9,[1:30:23] ,ensanesane,no rookie goes for that,comment,2,1,8,c
145,2227,match round two,9,[1:30:33] ,melloww,poor plebs trying the game out on free weekened only to get greeted by diamond players bullying them,comment,2,1,8,c
146,2395,match round two,9,[1:37:15] ,magicjerryfresh,this seems like a sako replacement for kage,cinfo,5,168,9,a
147,2396,match round two,9,[1:37:19] ,fighterinthestreet,will you playbpoison,request,1,1,9,a
148,2397,match round two,9,[1:37:20] ,dangalfthekrey,she has good corner carry shes like a mix of kensakuraratshit,cinfo,5,1,9,a
149,2398,match round two,9,[1:37:22] ,ninodiablo,fireballs give a lot of lockdown optiobs,cinfo,5,1,9,a
150,2399,match round two,9,[1:37:22] ,slylataupe,honda honda plzzz,request,1,1,9,a
151,2400,match round two,9,[1:37:26] ,poorygone,better fireball than kage,cinfo,5,1,9,a
152,2401,match round two,9,[1:37:26] ,snowfarmer,honda is fun,cinfo,5,1,9,a
153,2402,match round two,9,[1:37:27] ,ninodiablo,options,request,1,1,9,b
154,2403,match round two,9,[1:37:29] ,awoo,how is her vskill,question,8,1,9,b
155,2404,match round two,9,[1:37:30] ,daveski,yeah it is,other,10,1,9,b
156,2405,match round two,9,[1:37:31] ,taurusmagnus,she looks hella fun poison too,cdesign,4,1,9,b
157,2406,match round two,9,[1:37:33] ,spookyleonnueve,wack honda good they couldve picked better characters,game,9,1,9,b
158,2407,match round two,9,[1:37:36] ,daveski,im actually surprised by honda,cinfo,5,1,9,b
159,2408,match round two,9,[1:37:36] ,staycookin,anybody have a link for the psn bundle,game,9,1,9,b
160,2409,match round two,9,[1:37:42] ,yamsandjams,sin tech,other,10,1,9,c
161,2410,match round two,9,[1:37:44] ,ninodiablo,standing idle animation is weird,cdesign,4,1,9,c
162,2411,match round two,9,[1:37:44] ,countmeowingtonn,za warudo,other,10,1,9,c
163,2412,match round two,9,[1:37:49] ,valeriobr,otrust only smurfs todayplease mau,other,10,1,9,c
164,2413,match round two,9,[1:37:51] ,clinnamon,activated his stand,other,10,1,9,c
165,2414,match round two,9,[1:37:53] ,fyzx,magicjerryfresh sako gonna have a ball with her for sure,cinfo,5,1,9,c
166,2415,match round two,9,[1:37:55] ,jaynines,is bundle out on psn,game,9,1,9,c
167,2416,match round two,9,[1:37:59] ,redpotato,mario fireball,request,1,1,9,c
168,2417,match round two,9,[1:38:00] ,someguyzero,nonvt necalli,other,10,1,9,c
169,2465,match round two,9,[1:39:52] ,snowfarmer,he is no unga at all,cinfo,5,48,10,a
170,2466,match round two,9,[1:39:52] ,fyzx,shoulder combos from heavies and you can link a crlp after it,request,1,1,10,a
171,2467,match round two,9,[1:39:54] ,poorygone,they thought it was funny,other,10,1,10,a
172,2468,match round two,9,[1:39:55] ,raino,hes unga,other,10,1,10,a
173,2469,match round two,9,[1:39:57] ,raino,and hes bunga,other,10,1,10,a
174,2470,match round two,9,[1:39:58] ,lalilulelolz,only good thing about necalli is his theme,cdesign,4,1,10,a
175,2471,match round two,9,[1:40:04] ,daveski,i like how the water splashes at their feet,cdesign,4,1,10,b
176,2472,match round two,9,[1:40:12] ,cryojazz,compared to top tiers in s necalli is honest,cinfo,5,1,10,b
177,2473,match round two,9,[1:40:13] ,someguyzero,should have been bonchan vs machabo gf,other,10,1,10,b
178,2474,match round two,9,[1:40:17] ,topgunlt,epic paid valve employee to do the leak they are taking this opportunity to embarass steam,other,10,1,10,b
179,2475,match round two,9,[1:40:21] ,themrheadache,necalli is the most basic character in the game hes just really solid which means hes good and people whine and cry over any character thats better than theirs,cinfo,5,1,10,b
180,2476,match round two,9,[1:40:23] ,hulkbusterv,hes a jobber too,other,10,1,10,b
181,2477,match round two,9,[1:40:30] ,swiftruina,necalli is just lame and the story mode solidified that i dont see him coming back in the future,cinfo,5,1,10,c
182,2478,match round two,9,[1:40:37] ,ninodiablo,her fireballs and kick specials are good,cdesign,4,1,10,c
183,2479,match round two,9,[1:40:38] ,countmeowingtonn,i think poison is gonna get picked up by someone shes got some good shit,cinfo,5,1,10,c
184,2480,match round two,9,[1:40:41] ,crypticrumpet,unfortunate drop,other,10,1,10,c
185,2481,match round two,9,[1:40:41] ,lalilulelolz,isnt lucia like the third character to have that exact same heavy kick animation,question,8,1,10,c
186,2574,match round two,9,[1:44:49] ,cryojazz,everyone came through with the announcements but capcom,game,9,93,11,a
187,2575,match round two,9,[1:44:52] ,sonicsupremacy,crypticrumpet its okay but low tiers are really hurting tbh,game,9,1,11,a
188,2576,match round two,9,[1:44:53] ,metalxoath,bobdobbz oh sweet thanks,other,10,1,11,a
189,2577,match round two,9,[1:44:54] ,crypticrumpet,karin isnt even op shes just incredibly solid,cinfo,5,1,11,a
190,2578,match round two,9,[1:44:55] ,ensanesane,he just stood there lol,caction,3,1,11,a
191,2579,match round two,9,[1:44:55] ,someguyzero,i bet phenom picked up karin because he kept getting bodied by punk punk scarred him for life,comment,2,1,11,a
192,2580,match round two,9,[1:44:55] ,kristoffers,you gone through lucias story mode already,question,8,1,11,a
193,2581,match round two,9,[1:45:00] ,acekings,why does she talk like that where is she from,question,8,1,11,a
194,2582,match round two,9,[1:45:02] ,lalilulelolz,all i want for juri is just few plus frames please,request,1,1,11,b
195,2583,match round two,9,[1:45:03] ,snowfarmer,karin needs buffs she actually requires slight execution,cinfo,5,1,11,b
196,2584,match round two,9,[1:45:05] ,murkado,so boys where does lucia fall on the sf thiccness tier list,question,8,1,11,b
197,2585,match round two,9,[1:45:06] ,kirb,i didnt watch tekken and smash bros was it hype,other,10,1,11,b
198,2586,match round two,9,[1:45:07] ,megatonbeef,gave up,caction,3,1,11,b
199,2587,match round two,9,[1:45:07] ,ssjsoujiro,stage looks great but does it do the thing at match end tho,game,9,1,11,b
200,2588,match round two,9,[1:45:07] ,shredmaster,he afk tpfufun tpfufun tpfufun,other,10,1,11,b
201,2589,match round two,9,[1:45:08] ,roninwoof,they announced there would be an announcement in nov seriously,game,9,1,11,b
202,2590,match round two,9,[1:45:09] ,shinzo,evo annoyed me when infexious went vt vs big bird and the james chen with the other guy couldnt understand why he would use it because its a bad vt it was obvious it was there as a way to escape corner pressure opf rashid because it side swaps,game,9,1,11,c
203,2591,match round two,9,[1:45:09] ,thedarkfenix,i see guess rip for ryu,game,9,1,11,c
204,2592,match round two,9,[1:45:10] ,taskanawa,lol,goodp,6,1,11,c
205,2593,match round two,9,[1:45:12] ,theenygma,technically mk didnt have shit either,other,10,1,11,c
206,2594,match round two,9,[1:45:12] ,taken,sunflower akuma d,request,1,1,11,c
207,2595,match round two,9,[1:45:17] ,renevbz,bet capcom wishes they stuck with ps steam ruined evo,game,9,1,11,c
208,2596,match round two,9,[1:45:17] ,ssjsoujiro,haha it does nice,goodp,6,1,11,c
209,2597,match round two,9,[1:45:23] ,hurked,tekken was for sure,other,10,1,11,c
210,2666,match round two,9,[1:48:10] ,ensanesane,actual bronze cody cause no vskill aa,game,9,69,12,a
211,2667,match round two,9,[1:48:10] ,rorboy,edi e before haggar,other,10,1,12,a
212,2668,match round two,9,[1:48:17] ,chronodragon,cody vt,request,1,1,12,a
213,2669,match round two,9,[1:48:19] ,someguyzero,shinzo no but everyone was talking about it after,other,10,1,12,b
214,2670,match round two,9,[1:48:27] ,hayates,her shimmy game is od i love her,cdesign,4,1,12,b
215,2671,match round two,9,[1:48:28] ,poorygone,metalxoath people are looking into it but soo far no balance change,other,10,1,12,b
216,2672,match round two,9,[1:48:28] ,heaveniydemon,shinzo i was dying when that happen lol,other,10,1,12,c
217,2673,match round two,9,[1:48:31] ,joskyboi,vskill aa isnt this great,other,10,1,12,c
218,2749,match round two,9,[1:50:58] ,roninwoof,game,game,9,76,13,a
219,2750,match round two,9,[1:50:59] ,andynigma,she can slide fireballs already something bad against ken,caction,3,1,13,a
220,2751,match round two,9,[1:51:01] ,topgunlt,riot did say they were gonna announce something later this year probably at this years lol world championship,game,9,1,13,a
221,2752,match round two,9,[1:51:01] ,kiboshkaibutsu,how plus is tht m punch,question,8,1,13,a
222,2753,match round two,9,[1:51:09] ,themrheadache,her ex qcb does the same damage as her medium and less than her heavy,cinfo,5,1,13,a
223,2754,match round two,9,[1:51:09] ,thablackoshin,that mp is a bully button,comment,2,1,13,a
224,2755,match round two,9,[1:51:15] ,domadormilagroso,kof for ps or next gen,other,10,1,13,a
225,2756,match round two,9,[1:51:16] ,almightygod,eltaninz i think it would be a lol fighter,game,9,1,13,a
226,2757,match round two,9,[1:51:19] ,azurewotan,appearently league fighting game was trademarked,game,9,1,13,a
227,2758,match round two,9,[1:51:22] ,thebananatreeboa,oro wont be as cool without kurodaunblockable setups,cinfo,5,1,13,a
228,2759,match round two,9,[1:51:26] ,swiftruina,and its right rip,other,10,1,13,a
229,2760,match round two,9,[1:51:30] ,micksinjer,wtf,badp,7,1,13,a
230,2761,match round two,9,[1:51:37] ,megatonbeef,domadormilagroso develpopment just started so next gen,other,10,1,13,b
231,2762,match round two,9,[1:51:40] ,almightygod,bruh lee sin in a fighting game would be sick,game,9,1,13,b
232,2763,match round two,9,[1:51:41] ,zyxwhitewind,what ashe would be a zoner,question,8,1,13,b
233,2764,match round two,9,[1:51:46] ,micksinjer,damn that looks annoying,badp,7,1,13,b
234,2765,match round two,9,[1:51:47] ,lcspacely,i dont see the bundles is it because im on the west coast,game,9,1,13,b
235,2766,match round two,9,[1:51:47] ,cryojazz,why would ashe be a rushdown and not zoner,question,8,1,13,b
236,2767,match round two,9,[1:51:49] ,themegaguy,robot characters,cdesign,4,1,13,b
237,2768,match round two,9,[1:51:53] ,zyxwhitewind,bram is the grappler,cinfo,5,1,13,b
238,2769,match round two,9,[1:52:00] ,drarkain,i remember a fucking long time ago we talked about it i have an feeling that they will make an smash style fg,other,10,1,13,b
239,2770,match round two,9,[1:52:00] ,leafretv,rushdown with a bow,request,1,1,13,b
240,2771,match round two,9,[1:52:01] ,kiboshkaibutsu,probably do stun combos with tth fireball,request,1,1,13,b
241,2772,match round two,9,[1:52:02] ,ssjsoujiro,make new characters no no no better use assists that they have already imo,game,9,1,13,b
242,2773,match round two,9,[1:52:03] ,crypticrumpet,does lucia have a f or f,question,8,1,13,c
243,2774,match round two,9,[1:52:05] ,yamsandjams,lol wtf,badp,7,1,13,c
244,2775,match round two,9,[1:52:08] ,yamsandjams,gimme a break,badp,7,1,13,c
245,2776,match round two,9,[1:52:09] ,pipiripau,i was woundering i just got out of work but does anybody know if there was any announcements on a new update on the sf,game,9,1,13,c
246,2777,match round two,9,[1:52:10] ,almightygod,blizcrack would be a robot fighter,cinfo,5,1,13,c
247,2778,match round two,9,[1:52:10] ,eltaninz,almightygod personally i hope thats the case i really like lol characters but i could never dig the game itself,game,9,1,13,c
248,2779,match round two,9,[1:52:10] ,ensanesane,damn that slide is fast,goodp,6,1,13,c
249,2780,match round two,9,[1:52:11] ,serow,kof probably for both their financial report said they are planning for release,game,9,1,13,c
250,2781,match round two,9,[1:52:13] ,kumaoso,hahahah,goodp,6,1,13,c
251,2782,match round two,9,[1:52:13] ,poorygone,that fireball lmao,goodp,6,1,13,c
252,2783,match round two,9,[1:52:15] ,taken,xd,goodp,6,1,13,c
253,2847,match round two,9,[1:53:54] ,shinobiaj,ah yes tatsu the best move in the game,game,9,64,14,a
254,2848,match round two,9,[1:53:55] ,valeriobr,lucia soccer player,cinfo,5,1,14,a
255,2849,match round two,9,[1:53:58] ,ssjsoujiro,poor ryu,cinfo,5,1,14,a
256,2850,match round two,9,[1:53:59] ,ghostfromrdstrike,after sfxt im good off gens ghostfthinking,other,10,1,14,a
257,2851,match round two,9,[1:54:00] ,darnellplayer,lab it,goodp,6,1,14,a
258,2852,match round two,9,[1:54:04] ,vampirekoala,bully,game,9,1,14,a
259,2853,match round two,9,[1:54:04] ,chronodragon,ryu getting bullied head,cinfo,5,1,14,a
260,2854,match round two,9,[1:54:08] ,slooowdown,does the fireball build meter crazy like k,question,8,1,14,b
261,2855,match round two,9,[1:54:12] ,rorboy,shes a cawp,cinfo,5,1,14,b
262,2856,match round two,9,[1:54:15] ,drarkain,battlebrn yeah most of my friends that play moba only like smash the other fg they play mashing really hard haha,game,9,1,14,b
263,2857,match round two,9,[1:54:15] ,kiboshkaibutsu,httpsclipstwitchtvsleepybumblingnoodledogface,other,10,1,14,b
264,2858,match round two,9,[1:54:16] ,crypticrumpet,oh does she get like a cooldown on her fireball,question,8,1,14,b
265,2859,match round two,9,[1:54:22] ,someguyzero,id like to see how the fireball work against sagats fireball,request,1,1,14,b
266,2860,match round two,9,[1:54:23] ,josdean,lucia fireball reminds me rashids bullshit tornado,cdesign,4,1,14,b
267,2861,match round two,9,[1:54:26] ,blackcraftfgc,how can i get more fight money,question,8,1,14,c
268,2862,match round two,9,[1:54:27] ,bobdobbz,from bawston,other,10,1,14,c
269,2863,match round two,9,[1:54:36] ,bobdobbz,i love her accent,cdesign,4,1,14,c
270,2864,match round two,9,[1:54:37] ,afroshouji,and she has a good tatsu,cdesign,4,1,14,c
271,2865,match round two,9,[1:54:37] ,countmeowingtonn,i like how she tries to put the fire out on her foot after using fireballs,caction,3,1,14,c
272,2866,match round two,9,[1:54:42] ,kirb,riot game gonna have one for normals then buttons for special moves then one button for super move,game,9,1,14,c
273,2867,match round two,9,[1:54:42] ,battlebrn,theres lots of us who play mobas and fighting games but in general i doubt they care about them unless its smash,game,9,1,14,c
274,2915,match round two,9,[1:57:34] ,megatonbeef,did infexous sell his emotions for skills that man did not emote,game,9,48,15,a
275,2916,match round two,9,[1:57:37] ,horseapples,i hope the new gg has baiken from the start this time and not weird stupid characters like bedman,game,9,1,15,a
276,2917,match round two,9,[1:57:39] ,shawnu,you hated lucia how is she now,question,8,1,15,a
277,2918,match round two,9,[1:57:46] ,ghostfromrdstrike,between now and my bank account is fucked,other,10,1,15,a
278,2919,match round two,9,[1:57:47] ,serow,black dudes with dreadlocks lol,cdesign,4,1,15,a
279,2920,match round two,9,[1:57:49] ,alphabee,sonicnerd you mean leroy jenkins,other,10,1,15,a
280,2921,match round two,9,[1:58:00] ,kiboshkaibutsu,whats her v skill,question,8,1,15,a
281,2922,match round two,9,[1:58:00] ,someguyzero,megatonbeef thats why signed him,other,10,1,15,b
282,2923,match round two,9,[1:58:02] ,rorboy,big black wang,cdesign,4,1,15,b
283,2924,match round two,9,[1:58:02] ,euury,so is that mcdonalds lucia,other,10,1,15,b
284,2925,match round two,9,[1:58:05] ,jar,the only good thing about gg trailer is the stage transitions the game looks exactly like the previous one,game,9,1,15,b
285,2926,match round two,9,[1:58:16] ,horseapples,is infexious the miles morales to daigos peter parker,other,10,1,15,b
286,2927,match round two,9,[1:58:17] ,ghostfromrdstrike,not really,other,10,1,15,b
287,2928,match round two,9,[1:58:25] ,poorygone,euury lmao now i cannot unsee that,other,10,1,15,b
288,2929,match round two,9,[1:58:27] ,ghostfromrdstrike,graphics wise it looks different,other,10,1,15,c
289,2930,match round two,9,[1:58:27] ,metalxoath,kiboshkaibutsu its the triple kick into back hand,caction,3,1,15,c
290,2931,match round two,9,[1:58:29] ,olhaba,looks like the last one someone that hasnt played xrd rev,comment,2,1,15,c
291,2932,match round two,9,[1:58:31] ,horseapples,now that is a year old drunk,comment,2,1,15,c
292,2933,match round two,9,[1:58:32] ,cryojazz,if you dont see the upgrade in graphicsanimation in the new gg you need new eyes,comment,2,1,15,c
293,2934,match round two,9,[1:58:35] ,azurewotan,for someone who complained about honda not being in why arent you playing him,comment,2,1,15,c
294,2966,match round two,9,[2:00:25] ,sshomes,punk got washed by abigail,game,9,32,16,a
295,2967,match round two,9,[2:00:26] ,tigerbloodbeast,metalxoath ohh thanks,other,10,1,16,a
296,2968,match round two,9,[2:00:31] ,poorygone,goldcarats same with tokido,cinfo,5,1,16,a
297,2969,match round two,9,[2:00:34] ,someguyzero,big bird played like a madman though,game,9,1,16,a
298,2970,match round two,9,[2:00:34] ,admiralackbarssnackbar,goldcarats eate by itabash and problem x,other,10,1,16,a
299,2971,match round two,9,[2:00:40] ,curseshadowx,did rising thunder sell well,question,8,1,16,a
300,2972,match round two,9,[2:00:42] ,sshomes,he lost to itazan and problem x using abigail,game,9,1,16,a
301,2973,match round two,9,[2:00:44] ,glovecold,how much are the new characters,question,8,1,16,b
302,2974,match round two,9,[2:00:46] ,noneedmotivation,the character bundle is already up on steam btw,game,9,1,16,b
303,2975,match round two,9,[2:00:47] ,someguyzero,bonchan always shut down the madmen in their tracks,game,9,1,16,b
304,2976,match round two,9,[2:00:54] ,theenygma,i dont follow sfv pro stuff so grand finals i felt like austin powers when he gets unfrozen,game,9,1,16,b
305,2977,match round two,9,[2:00:55] ,ghostfromrdstrike,arslan ash winning tekken was godlike,other,10,1,16,b
306,2978,match round two,9,[2:00:55] ,metalxoath,tigerbloodbeast aye no prob im glad she won i wouldnt be here otherwise lol,other,10,1,16,b
307,2979,match round two,9,[2:00:57] ,cryojazz,gfs was so unga bunga,other,10,1,16,b
308,2980,match round two,9,[2:00:59] ,fedorabattlemaster,who eliminated punk,question,8,1,16,c
309,2981,match round two,9,[2:01:00] ,theenygma,be like who are you people,other,10,1,16,c
310,2982,match round two,9,[2:01:03] ,themegaguy,i saw poongko got blown out in pools,other,10,1,16,c
311,2983,match round two,9,[2:01:03] ,hulkbusterv,most of the top guys got blown up in the top,other,10,1,16,c
312,2984,match round two,9,[2:01:07] ,megatonbeef,stckyrick even the announcers where worried hed fall over,other,10,1,16,c
313,2985,match round two,9,[2:01:13] ,jar,and okubo parrying the snk dude was,other,10,1,16,c
314,2986,match round two,9,[2:01:13] ,ninjavanish,i loved sfv evo this year,game,9,1,16,c
315,3054,match round two,9,[2:03:43] ,ghostfromrdstrike,tekken worst top what top was you watching,other,10,68,17,a
316,3055,match round two,9,[2:03:44] ,kfigueroa,mk is so boring to watch but dragon ball was,other,10,1,17,a
317,3056,match round two,9,[2:03:48] ,someguyzero,evo was done before smash,other,10,1,17,a
318,3057,match round two,9,[2:03:48] ,sshomes,i really dont like the look of blockstrings in mk,other,10,1,17,a
319,3058,match round two,9,[2:03:48] ,darnellplayer,yeah evo is done,game,9,1,17,a
320,3059,match round two,9,[2:03:49] ,cryojazz,who watched smash,question,8,1,17,a
321,3060,match round two,9,[2:03:49] ,themrheadache,nah its donezo,other,10,1,17,a
322,3061,match round two,9,[2:03:52] ,taken,evo is done,game,9,1,17,a
323,3062,match round two,9,[2:03:52] ,battlebrn,evo was over after tekken,other,10,1,17,a
324,3063,match round two,9,[2:03:52] ,azurewotan,no announcements for smash,other,10,1,17,a
325,3064,match round two,9,[2:03:57] ,euury,dbfz was hype as fuck sadly it was on saturday,other,10,1,17,b
326,3065,match round two,9,[2:03:58] ,metalxoath,poor falke the only character left that doesnt function properly,cinfo,5,1,17,b
327,3066,match round two,9,[2:03:59] ,tokenblackdood,k for smash,other,10,1,17,b
328,3067,match round two,9,[2:03:59] ,maxdoem,sup mk needs more grabs,request,1,1,17,b
329,3068,match round two,9,[2:04:02] ,taken,haha xd,goodp,6,1,17,b
330,3069,match round two,9,[2:04:02] ,luvmastahchris,smash was sick,other,10,1,17,b
331,3070,match round two,9,[2:04:04] ,inodmyheadwhenilose,mk was the same tippy top tiers every match it was snooze,other,10,1,17,b
332,3071,match round two,9,[2:04:05] ,sonicnerd,ghostfromrdstrike i know right lol,other,10,1,17,b
333,3072,match round two,9,[2:04:07] ,sshomes,james chen telling people to stay was whack,other,10,1,17,b
334,3073,match round two,9,[2:04:07] ,kfigueroa,smash finals was lit too,other,10,1,17,b
335,3074,match round two,9,[2:04:11] ,azurewotan,smash was such a disappointment,other,10,1,17,c
336,3075,match round two,9,[2:04:12] ,inodmyheadwhenilose,so sick of geras,other,10,1,17,c
337,3076,match round two,9,[2:04:14] ,bobdobbz,dragonball was sick go just broke down into tears,other,10,1,17,c
338,3077,match round two,9,[2:04:15] ,poorygone,smash got the highest views,other,10,1,17,c
339,3078,match round two,9,[2:04:15] ,someguyzero,the bald guy already gave the postgame speech smash was just like aftershow,other,10,1,17,c
340,3079,match round two,9,[2:04:16] ,serow,kof top was quite exciting especially when et used clark,other,10,1,17,c
341,3080,match round two,9,[2:04:17] ,nightmarejames,tekken top was an arslan ash combo video,other,10,1,17,c
342,3081,match round two,9,[2:04:17] ,ghostfromrdstrike,yeah evo ended hours ago tekken gf,other,10,1,17,c
343,3082,match round two,9,[2:04:20] ,squalladv,mk,other,10,1,17,c
344,3127,match round two,9,[2:05:40] ,freakyyyy,ahha,other,10,45,18,a
345,3128,match round two,9,[2:05:42] ,kfigueroa,tekken too,other,10,1,18,a
346,3129,match round two,9,[2:05:45] ,tdarkwl,she stubby,cdesign,4,1,18,a
347,3130,match round two,9,[2:05:46] ,nevernude,bingbingwahoo i feel the same way,other,10,1,18,a
348,3131,match round two,9,[2:05:47] ,nightmarejames,are we allowed to mention infiltration in here,other,10,1,18,a
349,3132,match round two,9,[2:05:48] ,laughswithknives,mk is balanced cuz everyone can mash d into corner kb combo,other,10,1,18,a
350,3133,match round two,9,[2:05:51] ,battlebrn,only reason the tekken final was any good was because of knee,other,10,1,18,a
351,3134,match round two,9,[2:05:55] ,cryojazz,fighterz was sleeper outside of winner finals and grand finals,other,10,1,18,a
352,3135,match round two,9,[2:05:58] ,kfigueroa,mk is just not hype like mkx,other,10,1,18,b
353,3136,match round two,9,[2:06:03] ,empcannedpasta,so whats lookin optimal after ex run charge,other,10,1,18,b
354,3137,match round two,9,[2:06:05] ,ssjsoujiro,yuck,badp,7,1,18,b
355,3138,match round two,9,[2:06:12] ,serow,samsho top was maybe genjuro lol,other,10,1,18,b
356,3139,match round two,9,[2:06:14] ,drarkain,eltaninz for me to mainly because the guy that won had no emotions,other,10,1,18,b
357,3140,match round two,9,[2:06:17] ,renevbz,honda v trigger is so funny lmfao,other,10,1,18,b
358,3141,match round two,9,[2:06:17] ,lxgreed,mk has always been boring never was hype,other,10,1,18,b
359,3142,match round two,9,[2:06:19] ,glovecold,lol,goodp,6,1,18,b
360,3143,match round two,9,[2:06:19] ,rorboy,mk needs to make so many variation moves just regular ones,other,10,1,18,c
361,3144,match round two,9,[2:06:21] ,someguyzero,mk dead game by end of the year,other,10,1,18,c
362,3145,match round two,9,[2:06:23] ,jar,ghostfromrdstrike hi dude,other,10,1,18,c
363,3146,match round two,9,[2:06:23] ,ssjsoujiro,pick them top tiers to win so cant really hate,other,10,1,18,c
364,3147,match round two,9,[2:06:24] ,swiftruina,like of the cast was not used,other,10,1,18,c
365,3148,match round two,9,[2:06:29] ,realtier,euury i was literally in the chat it well passed k mainly during winners finals,other,10,1,18,c
366,3149,match round two,9,[2:06:32] ,thatjapanesedude,poison is pretty fun,cinfo,5,1,18,c
367,3150,match round two,9,[2:06:41] ,poorygone,smash is really not sponsored by nintendo they already have nintendo direct for announcement,other,10,1,18,c
368,3245,match round two,9,[2:10:03] ,kiboshkaibutsu,can you slide v trig activate,request,1,95,19,a
369,3246,match round two,9,[2:10:04] ,glovecold,it shouldve been rose over poison,request,1,1,19,a
370,3247,match round two,9,[2:10:09] ,mrlawyer,ustinodj facts,other,10,1,19,a
371,3248,match round two,9,[2:10:10] ,aitcho,so how did you like her so far vesp i know thats a faq but i just got here,question,8,1,19,a
372,3249,match round two,9,[2:10:11] ,ghostfromrdstrike,doodcap doodbutt,other,10,1,19,a
373,3250,match round two,9,[2:10:18] ,rorboy,should have been roxy,request,1,1,19,a
374,3251,match round two,9,[2:10:23] ,hulkbusterv,dude just wants spidey swing man,other,10,1,19,a
375,3252,match round two,9,[2:10:23] ,bobdobbz,you can hit her before she gets there otherwise its real,cinfo,5,1,19,b
376,3253,match round two,9,[2:10:24] ,paulowebtv,wow i found poison actually pretty difficult to play,cinfo,5,1,19,b
377,3254,match round two,9,[2:10:26] ,azurewotan,capcommenatqq,other,10,1,19,b
378,3255,match round two,9,[2:10:26] ,cryojazz,glovecold rose over lucia easy,request,1,1,19,b
379,3256,match round two,9,[2:10:27] ,legnowe,think you can jab during the swing they showed that in the showcase,request,1,1,19,b
380,3257,match round two,9,[2:10:28] ,metalxoath,how poison was chosen over makoto i will never understand,cinfo,5,1,19,b
381,3258,match round two,9,[2:10:31] ,squalladv,roxy confirmed,cinfo,5,1,19,b
382,3259,match round two,9,[2:10:34] ,kfigueroa,does anyone here own a hitbox i have a question,question,8,1,19,c
383,3260,match round two,9,[2:10:34] ,thatjapanesedude,hiiiiiiiii,other,10,1,19,c
384,3261,match round two,9,[2:10:39] ,solideva,poison looks worse in the trailer than in game its weird almost like they used an old not as polished model,cdesign,4,1,19,c
385,3262,match round two,9,[2:10:43] ,bobdobbz,i do,other,10,1,19,c
386,3263,match round two,9,[2:10:44] ,inodmyheadwhenilose,makoto fans mad,other,10,1,19,c
387,3264,match round two,9,[2:10:45] ,roninwoof,is poison the only trans character in fighting games,question,8,1,19,c
388,3335,match round two,9,[2:13:43] ,bobdobbz,kfigueroa yea,goodp,6,71,20,a
389,3336,match round two,9,[2:13:43] ,ssjsoujiro,that air target combo tho,goodp,6,1,20,a
390,3337,match round two,9,[2:13:54] ,megatonbeef,ghostfromrdstrike akuma isnt trash,cinfo,5,1,20,a
391,3338,match round two,9,[2:13:54] ,kristoffers,im diggin this stage,goodp,6,1,20,a
392,3339,match round two,9,[2:13:59] ,kfigueroa,do you like it bobdobbz,question,8,1,20,a
393,3340,match round two,9,[2:14:00] ,metalxoath,horseapples right people cry for him because original but then no one is gonna use him lol,game,9,1,20,a
394,3341,match round two,9,[2:14:01] ,morfeyas,is honda out yet,question,8,1,20,b
395,3342,match round two,9,[2:14:04] ,laverde,she reminds me too much of sakura in some ways,cdesign,4,1,20,b
396,3343,match round two,9,[2:14:12] ,glovecold,lucia might be our last new character should be oro guy makoto rose left,cinfo,5,1,20,b
397,3344,match round two,9,[2:14:14] ,shadowdragon,so juris move but better ouch,cinfo,5,1,20,b
398,3345,match round two,9,[2:14:16] ,squalladv,i think theres a lot of honda fans out there,cinfo,5,1,20,b
399,3346,match round two,9,[2:14:21] ,ghostfromrdstrike,megatonbeef i see what you did there reoboon,other,10,1,20,b
400,3347,match round two,9,[2:14:24] ,glovecold,and c viper,cinfo,5,1,20,c
401,3348,match round two,9,[2:14:25] ,metalxoath,yamsandjams juri can kick fireballs with her charges,caction,3,1,20,c
402,3349,match round two,9,[2:14:32] ,morfeyas,is honda out someone tell me,question,8,1,20,c
403,3350,match round two,9,[2:14:35] ,solideva,fchamp was saying lucia top tier,cinfo,5,1,20,c
404,3351,match round two,9,[2:14:35] ,gyari,lucia is awesome,cdesign,4,1,20,c
405,3352,match round two,9,[2:14:38] ,bukazero,i started playing after last evo and getting my head caved in by g smurfs for days,other,10,1,20,c
406,3427,match round two,9,[2:18:00] ,bgamr,honda look like he can go up against ibuki and karin maybe rashid if honda player was at his highest level,cinfo,5,75,21,a
407,3428,match round two,9,[2:18:02] ,gyari,guerillablak yes on pc,game,9,1,21,a
408,3429,match round two,9,[2:18:02] ,poorygone,that fireball is od,goodp,6,1,21,a
409,3430,match round two,9,[2:18:04] ,realtier,atprtsd atprtsd,other,10,1,21,a
410,3431,match round two,9,[2:18:06] ,tokenblackdood,fuck that fireball lol,goodp,6,1,21,a
411,3432,match round two,9,[2:18:12] ,dwtdcrow,ultimate troll move,caction,3,1,21,a
412,3433,match round two,9,[2:18:13] ,aitcho,she might be op af how easy is she to use,question,8,1,21,a
413,3434,match round two,9,[2:18:14] ,ghostfromrdstrike,supremecoy there are characters that counter zoning heavy,game,9,1,21,b
414,3435,match round two,9,[2:18:24] ,countmeowingtonn,look away police brutality,game,9,1,21,b
415,3436,match round two,9,[2:18:24] ,gyari,will win capcom cup with that fireball,game,9,1,21,b
416,3437,match round two,9,[2:18:26] ,megatonbeef,afroshouji hes an illegal gun seller in the movie,game,9,1,21,b
417,3438,match round two,9,[2:18:27] ,ghostfromrdstrike,a solid amount actually,other,10,1,21,b
418,3439,match round two,9,[2:18:29] ,laverde,gyari fuuuuu,other,10,1,21,b
419,3440,match round two,9,[2:18:29] ,glovecold,its pretty cool those fireballs can bounce lol,caction,3,1,21,b
420,3441,match round two,9,[2:18:32] ,anon,yes,goodp,6,1,21,c
421,3442,match round two,9,[2:18:32] ,kiboshkaibutsu,use fireball on the beach map extra confusion,request,1,1,21,c
422,3443,match round two,9,[2:18:34] ,aitcho,i knew shed be a glass cannon,cinfo,5,1,21,c
423,3444,match round two,9,[2:18:34] ,zombiesmyleg,the fireball bounces what is this mario,caction,3,1,21,c
424,3445,match round two,9,[2:18:36] ,countmeowingtonn,hes homeless leave him alone,game,9,1,21,c
425,3446,match round two,9,[2:18:36] ,jejune,u can,other,10,1,21,c
426,3477,match round two,9,[2:20:11] ,jay,this is the definition of police brutality,game,9,31,22,a
427,3478,match round two,9,[2:20:13] ,predacn,damuffinman abigailgodchickenfkr doodbro,other,10,1,22,a
428,3479,match round two,9,[2:20:22] ,moobot,has been streaming for h m,other,10,1,22,a
429,3480,match round two,9,[2:20:22] ,jdthegiraffe,uptime,other,10,1,22,b
430,3481,match round two,9,[2:20:23] ,mrlawyer,her fireball is kinda bad pro players will react to that shit easily,cinfo,5,1,22,b
431,3482,match round two,9,[2:20:23] ,rashidoo,that run is ken run on steroids,caction,3,1,22,b
432,3483,match round two,9,[2:20:24] ,darnellplayer,i feel too many people hate zoning as it is a different playstyle,game,9,1,22,c
433,3484,match round two,9,[2:20:27] ,liddough,i just realized isnt streaming in the graveyard hours,game,9,1,22,c
434,3485,match round two,9,[2:20:38] ,abigailgodchickenfkr,ghostfromrdstrike shotocheeks,other,10,1,22,c
435,3542,match round two,9,[2:23:01] ,predacn,whens eagle,question,8,57,23,a
436,3543,match round two,9,[2:23:01] ,poorygone,leaked charcters battle,game,9,1,23,a
437,3544,match round two,9,[2:23:09] ,darnellplayer,ryu and ken i feel get nerfed for no reason and no fault of their own or the players that like them,cinfo,5,1,23,a
438,3545,match round two,9,[2:23:15] ,megatonbeef,kristoffers kyle travers,other,10,1,23,a
439,3546,match round two,9,[2:23:17] ,ghostfromrdstrike,never give steam your trailer before dropping it reoboon,other,10,1,23,a
440,3547,match round two,9,[2:23:31] ,1,i hope we get violent ken at some point,request,1,1,23,b
441,3548,match round two,9,[2:23:42] ,abigailgodchickenfkr,poorygone character for what game,other,10,1,23,b
442,3549,match round two,9,[2:23:42] ,damuffinman,violent ken would be cool,cdesign,4,1,23,b
443,3550,match round two,9,[2:23:43] ,kirb,megatonbeef not cool i bought the new dlc character but i cant even see them on select screen,game,9,1,23,b
444,3551,match round two,9,[2:23:45] ,damuffinman,or oni,cinfo,5,1,23,b
445,3552,match round two,9,[2:23:46] ,ssjsoujiro,no thats kage goldcarats,cinfo,5,1,23,c
446,3553,match round two,9,[2:23:54] ,xraiin,any reason for not using mk dp in combo,question,8,1,23,c
447,3554,match round two,9,[2:23:59] ,jimmylee,evil ryu,cdesign,4,1,23,c
448,3555,match round two,9,[2:23:59] ,skullkiid,i thought you said this character was whack,cdesign,4,1,23,c
449,3577,match round two,9,[2:25:36] ,kirb,megatonbeef i have and have restarted pc i even redownloaded the game,game,9,22,24,a
450,3578,match round two,9,[2:25:38] ,euury,mcdonalds color best color,cdesign,4,1,24,a
451,3579,match round two,9,[2:25:43] ,poorygone,they should never do day release ever again,game,9,1,24,b
452,3580,match round two,9,[2:25:46] ,shouxiao,majin,other,10,1,24,b
453,3581,match round two,9,[2:25:53] ,tw,does kage still get pooped on,question,8,1,24,c
454,3582,match round two,9,[2:25:55] ,sidebysidefgc,what,goodp,6,1,24,c
455,3583,match round two,9,[2:25:56] ,squalladv,lucia is a shoto right kind of,cinfo,5,1,24,c
456,3671,match round two,9,[2:28:58] ,miketales,well now we know,other,10,88,25,a
457,3672,match round two,9,[2:29:07] ,roninwoof,eminem light,other,10,1,25,a
458,3673,match round two,9,[2:29:15] ,topgunlt,sacrificed to spread the knowledge,other,10,1,25,a
459,3674,match round two,9,[2:29:20] ,illspirations,roninwoof moms spaghetti,other,10,1,25,a
460,3675,match round two,9,[2:29:21] ,naoeshigen,lol thats a great cfn name for lucia,other,10,1,25,b
461,3676,match round two,9,[2:29:22] ,glovecold,ed is just meh all around,other,10,1,25,b
462,3677,match round two,9,[2:29:31] ,1,how do you feel about her vtriggers,question,8,1,25,b
463,3678,match round two,9,[2:29:34] ,roninwoof,lol,goodp,6,1,25,b
464,3679,match round two,9,[2:29:40] ,vuvu,cammy hp is kinda beast though as well as her cr hp squalladv,other,10,1,25,c
465,3680,match round two,9,[2:29:42] ,nahmn,hey have you tried honda yet,question,8,1,25,c
466,3681,match round two,9,[2:29:43] ,sidebysidefgc,whats lucys activate button,question,8,1,25,c
467,3682,match round two,9,[2:29:48] ,nahuelpv,psycho womper,other,10,1,25,c
468,3683,match round two,9,[2:29:49] ,nurselee,why cant ed have an overhead,question,8,1,25,c
469,3750,match round two,9,[2:32:30] ,bukazero,confirmed free,other,10,67,26,a
470,3751,match round two,9,[2:32:31] ,nahmn,hahahaha,badp,7,1,26,a
471,3752,match round two,9,[2:32:33] ,countmeowingtonn,the bully is defeated,badp,7,1,26,a
472,3753,match round two,9,[2:32:37] ,alphardegw,this ed exposed,badp,7,1,26,a
473,3754,match round two,9,[2:32:40] ,damuffinman,doodbigbrain doodbigbrain doodbigbrain doodbigbrain tombraid tombraid,other,10,1,26,a
474,3755,match round two,9,[2:32:41] ,vampirekoala,free serioussloth,other,10,1,26,a
475,3756,match round two,9,[2:32:42] ,tw,not like this,badp,7,1,26,b
476,3757,match round two,9,[2:32:48] ,vuvu,diamond rank eds arnt real,other,10,1,26,b
477,3758,match round two,9,[2:32:50] ,sidebysidefgc,her throw does no damage d,caction,3,1,26,b
478,3759,match round two,9,[2:32:51] ,bigtymer,so is loving lucia,cinfo,5,1,26,b
479,3760,match round two,9,[2:32:53] ,rashidoo,laggerg eat your heart out sobayed,other,10,1,26,b
480,3761,match round two,9,[2:32:54] ,xraiin,t h i c c g a n g,other,10,1,26,b
481,3762,match round two,9,[2:33:05] ,lemmegetanumber,ive fought this ed i lost,comment,2,1,26,c
482,3763,match round two,9,[2:33:06] ,bgamr,bigbraincombo,other,10,1,26,c
483,3764,match round two,9,[2:33:08] ,squalladv,theres a myth that says theres a master ed,game,9,1,26,c
484,3765,match round two,9,[2:33:10] ,jimmylee,ed still aging btw,game,9,1,26,c
485,3766,match round two,9,[2:33:11] ,supremecoy,please,request,1,1,26,c
486,3767,match round two,9,[2:33:13] ,aitcho,look like marios fireball,cdesign,4,1,26,c
487,3804,match round two,9,[2:35:52] ,megatonbeef,cxmperr no just update,other,10,37,27,a
488,3805,match round two,9,[2:35:56] ,skohlswet,iforgot this song existed,other,10,1,27,b
489,3806,match round two,9,[2:36:26] ,mexicanlew,i know i probally only own cause the lag mate lol ustinodj,other,10,1,27,c
490,3859,match round two,9,[2:39:25] ,squalladv,normally i like the jp voices but shes a us char af,cdesign,4,53,28,a
491,3860,match round two,9,[2:39:26] ,beatsbynoelbrown,honda got some hugo seasonin with that meat squasher vt,caction,3,1,28,a
492,3861,match round two,9,[2:39:30] ,someguyzero,corner carry confirmed,game,9,1,28,a
493,3862,match round two,9,[2:39:37] ,aitcho,whoa,goodp,6,1,28,b
494,3863,match round two,9,[2:39:39] ,themegamansam,the honda takes no prisoners,caction,3,1,28,b
495,3864,match round two,9,[2:39:42] ,countmeowingtonn,i think his fastest move is frames,caction,3,1,28,b
496,3865,match round two,9,[2:39:49] ,nahuelpv,so her dp is a tatsu the world is upside down,cinfo,5,1,28,c
497,3866,match round two,9,[2:40:03] ,godfist,nahuelpv thats kinda what cody has,cinfo,5,1,28,c
498,3867,match round two,9,[2:40:10] ,predacn,honda will be a whiff punishing nightmare,cinfo,5,1,28,c
499,3916,match round two,9,[2:43:23] ,cheeapone,nurselee oh cool thanks,other,10,49,29,a
500,3917,match round two,9,[2:43:24] ,ninjavanish,the throw one,caction,3,1,29,a
501,3918,match round two,9,[2:43:29] ,swiftruina,i swear he says fuck you up,cdesign,4,1,29,a
502,3919,match round two,9,[2:43:29] ,sidebysidefgc,this dude doesnt do crossup butt,comment,2,1,29,a
503,3920,match round two,9,[2:43:30] ,admiralackbarssnackbar,nah i ould daio using lucia though,other,10,1,29,a
504,3921,match round two,9,[2:43:34] ,nurselee,cheeapone np man,other,10,1,29,b
505,3922,match round two,9,[2:43:34] ,ustinodj,mexicanlew ggs lemme try to fix the lag send me another inv,other,10,1,29,b
506,3923,match round two,9,[2:43:34] ,poorygone,will win capcup,game,9,1,29,b
507,3924,match round two,9,[2:43:39] ,mexicanlew,good games ustinodj,goodp,6,1,29,b
508,3925,match round two,9,[2:43:39] ,sweetjptv,throw is cool but i cant find a way to confirm into super,caction,3,1,29,b
509,3926,match round two,9,[2:43:41] ,mexicanlew,ok,goodp,6,1,29,c
510,3927,match round two,9,[2:43:44] ,nahuelpv,i remember saying once that he might play honda if he was good,comment,2,1,29,c
511,3928,match round two,9,[2:43:49] ,autobotcj,it sounds mkre like pump you up,comment,2,1,29,c
512,3929,match round two,9,[2:43:53] ,sidebysidefgc,thats a cute overhead,caction,3,1,29,c
513,3976,match round two,9,[2:46:27] ,laverde,not on psn,other,10,47,30,a
514,3977,match round two,9,[2:46:31] ,nahuelpv,zeku vt the ultimate vt,other,10,1,30,a
515,3978,match round two,9,[2:46:32] ,laverde,apparently,other,10,1,30,a
516,3979,match round two,9,[2:46:36] ,jonniecallan,whens honda,question,8,1,30,a
517,3980,match round two,9,[2:46:37] ,nurselee,zeku and g i would say,other,10,1,30,a
518,3981,match round two,9,[2:46:40] ,laverde,ive been waiting lol,comment,2,1,30,b
519,3982,match round two,9,[2:46:49] ,sidebysidefgc,no one actually likes it,other,10,1,30,b
520,3983,match round two,9,[2:46:55] ,mexicanlew,does it feel better your side ustinodj,question,8,1,30,b
521,3984,match round two,9,[2:47:06] ,shinyakimura,hows lucia so far from what ive seen so far at least honda looks like he might be competitive,question,8,1,30,b
522,3985,match round two,9,[2:47:11] ,ilikeeverything,do you think well get a balance patch,question,8,1,30,b
523,3986,match round two,9,[2:47:14] ,alexiidx,wtf playing lucia,cinfo,5,1,30,c
524,3987,match round two,9,[2:47:15] ,nahuelpv,hespect,other,10,1,30,c
525,3988,match round two,9,[2:47:18] ,koomikss,whats day verdict on lucia,question,8,1,30,c
526,3989,match round two,9,[2:47:23] ,gameart,where i cant find on steam i think im dumb,question,8,1,30,c
527,4058,match round two,9,[2:51:00] ,rashidoo,when is goku coming to dbfz,question,8,69,31,a
528,4059,match round two,9,[2:51:04] ,roninwoof,arent there a billion final fight characters in this already we need some more sf characters,game,9,1,31,a
529,4060,match round two,9,[2:51:06] ,sacredsilence,sidebysidefgc unless i cave and buy lucia,comment,2,1,31,a
530,4061,match round two,9,[2:51:13] ,someguyzero,go a happy man,other,10,1,31,b
531,4062,match round two,9,[2:51:20] ,darnellplayer,i was happy for momochi top with ken mostly i said ken needs some respect on his name,other,10,1,31,b
532,4063,match round two,9,[2:51:20] ,1,i wish janemba had the hit on gogetas forhead before he got decimated,other,10,1,31,b
533,4064,match round two,9,[2:51:22] ,poorygone,goku with a halo next dlc,other,10,1,31,c
534,4065,match round two,9,[2:51:25] ,aitcho,wtf,badp,7,1,31,c
535,4296,match round two,9,[3:00:26] ,sidebysidefgc,and now returning to your regularly scheduled bronze hunting,game,9,231,32,a
536,4297,match round two,9,[3:00:26] ,azurewotan,at least it isnt season,other,10,1,32,a
537,4298,match round two,9,[3:00:26] ,afroshouji,canon fight,request,1,1,32,b
538,4299,match round two,9,[3:00:27] ,ghostfromrdstrike,damn i gotta buy honda lucia and janemba,game,9,1,32,b
539,4300,match round two,9,[3:00:29] ,countmeowingtonn,oh boy cant wait for makoto,comment,2,1,32,c
540,4301,match round two,9,[3:00:34] ,freakyyyy,charge character and capcom logic sooo,game,9,1,32,c
541,4382,match round two,9,[3:06:22] ,beatsbynoelbrown,dat makoto scream,cdesign,4,81,33,a
542,4383,match round two,9,[3:06:22] ,laverde,green monstah,other,10,1,33,a
543,4384,match round two,9,[3:06:25] ,johow,i think in the video they released today,other,10,1,33,a
544,4385,match round two,9,[3:06:25] ,freakyyyy,nooooohoh,badp,7,1,33,a
545,4386,match round two,9,[3:06:27] ,dangalfthekrey,its eitehr bostonian accent or like some sort of new york accent,cdesign,4,1,33,a
546,4387,match round two,9,[3:06:30] ,damuffinman,def not ny we decline,cdesign,4,1,33,b
547,4388,match round two,9,[3:06:30] ,starkronin,god poison looks horrible lol,cdesign,4,1,33,b
548,4389,match round two,9,[3:06:32] ,roninwoof,im from boston its not boston def some sort of nyjersey accent,cdesign,4,1,33,b
549,4390,match round two,9,[3:06:33] ,sidebysidefgc,this theme is too funky,cdesign,4,1,33,b
550,4391,match round two,9,[3:06:34] ,laverde,pak tha ka in tha yad,other,10,1,33,b
551,4392,match round two,9,[3:06:38] ,icexvader,she folded,caction,3,1,33,c
552,4393,match round two,9,[3:06:40] ,tw,poison is some type of cancer,cinfo,5,1,33,c
553,4394,match round two,9,[3:06:42] ,ghostfromrdstrike,damuffinman,other,10,1,33,c
554,4395,match round two,9,[3:06:43] ,themrheadache,is f throw into shk a consistent cc,caction,3,1,33,c
555,4396,match round two,9,[3:06:54] ,damuffinman,im from brooklyn thats not brooklyn,cdesign,4,1,33,c
556,4429,match round two,9,[3:08:26] ,lionheartrawr,johow that i dont know i mean maybe,other,10,33,34,a
557,4430,match round two,9,[3:08:27] ,themrheadache,no one tell that poison that the vskill goes through projectiles,cinfo,5,1,34,a
558,4431,match round two,9,[3:08:28] ,bobdobbz,jersey accent for shure,cdesign,4,1,34,a
559,4432,match round two,9,[3:08:36] ,themegamansam,its at the very least an american accent,cdesign,4,1,34,a
560,4433,match round two,9,[3:08:40] ,roninwoof,though guys its not about being an accurate accent but rather what she is attempting to sound like,cdesign,4,1,34,b
561,4434,match round two,9,[3:08:42] ,damuffinman,new yorkers dont pronounce coffee as kawwwfee,cdesign,4,1,34,b
562,4435,match round two,9,[3:08:43] ,lemmegetanumber,she sounds like she broke her jaw and it didnt heal right,cdesign,4,1,34,b
563,4436,match round two,9,[3:08:45] ,ghostfromrdstrike,im from jersey that is not a jersey accent,cdesign,4,1,34,b
564,4437,match round two,9,[3:08:47] ,damuffinman,thats boston,cdesign,4,1,34,c
565,4438,match round two,9,[3:08:48] ,johow,lol megamind is awesome,goodp,6,1,34,c
566,4439,match round two,9,[3:08:49] ,damuffinman,or jersey,cdesign,4,1,34,c
567,4575,match round two,9,[3:16:32] ,damuffinman,ps should be out next holiday,game,9,136,35,a
568,4576,match round two,9,[3:16:37] ,damuffinman,end of,other,10,1,35,a
569,4577,match round two,9,[3:16:37] ,thelexnard,its too bad lucia has ass cc conversions,cdesign,4,1,35,b
570,4578,match round two,9,[3:16:38] ,dangalfthekrey,lionheartrawr no it was in the nd season announcement trailer it was after cassie reveal,other,10,1,35,b
571,4579,match round two,9,[3:16:50] ,ghostfromrdstrike,xbox already has their next console dropping next holiday so were not far,other,10,1,35,c
572,4580,match round two,9,[3:16:51] ,laverde,nurselee i feel that sfv should be done as soon as the ps gets announced,game,9,1,35,c
573,4645,match round two,9,[3:20:33] ,swiftruina,typical ken play,caction,3,65,36,a
574,4646,match round two,9,[3:20:33] ,rashidoo,winning off of lag is worse than losing for me ustin vespercawfee,comment,2,1,36,a
575,4647,match round two,9,[3:20:38] ,aitcho,walk speed look cammy est,cdesign,4,1,36,a
576,4648,match round two,9,[3:20:41] ,themegaguy,whenever somebody says i teched that i have a hard time believing them,question,8,1,36,a
577,4649,match round two,9,[3:20:41] ,ghostfromrdstrike,ken players are the equivalent to scorpion players in mk,cinfo,5,1,36,b
578,4650,match round two,9,[3:20:49] ,sidebysidefgc,is the final hit of vskil not cancellable,question,8,1,36,b
579,4651,match round two,9,[3:20:50] ,tw,i cant stand when people play the most offensive characters in the most passive way,caction,3,1,36,b
580,4652,match round two,9,[3:21:01] ,renpool,hondas throw seems pretty good too,caction,3,1,36,b
581,4653,match round two,9,[3:21:02] ,budafuka,estarix you mean the diamond special,game,9,1,36,c
582,4654,match round two,9,[3:21:02] ,megatonbeef,themegaguy i partied it i swear,other,10,1,36,c
583,4655,match round two,9,[3:21:06] ,beatsbynoelbrown,waitin on that uppercut,request,1,1,36,c
584,4656,match round two,9,[3:21:09] ,dangalfthekrey,tw justin wong would like to say hi,other,10,1,36,c
585,4766,match round two,9,[3:27:48] ,dangalfthekrey,kiboshkaibutsu that game looks phenomenal visually but it seems like it has some frame lag or something,cdesign,4,110,37,a
586,4767,match round two,9,[3:27:53] ,dangalfthekrey,doesnt look smoothe,badp,7,1,37,a
587,4768,match round two,9,[3:28:01] ,metalxoath,is there ever a reason to use ex tackle it air resets and it seems you get more damage just doing the normal one into jab,badp,7,1,37,b
588,4769,match round two,9,[3:28:22] ,sak,did you have a cup of to stay up all night during the stream pixelbob,other,10,1,37,b
589,4770,match round two,9,[3:28:23] ,machriphi,yo what up,question,8,1,37,c
590,4771,match round two,9,[3:28:34] ,kiboshkaibutsu,dangalfthekrey yea i played the beta like i had really good games the rest was ok,other,10,1,37,c
591,4801,match round two,9,[3:30:41] ,bunky,extra battle,request,1,30,38,a
592,4802,match round two,9,[3:30:42] ,geneiyun,summer costumes is a separate bundle,game,9,1,38,a
593,4803,match round two,9,[3:30:44] ,laverde,i believe its fighting chance,game,9,1,38,a
594,4804,match round two,9,[3:30:48] ,budafuka,the stages were never included in season passes,game,9,1,38,a
595,4805,match round two,9,[3:30:50] ,shinzo,got lucia and poison will earn the fm from them to buy honda,comment,2,1,38,a
596,4806,match round two,9,[3:30:52] ,owaowatankatank,qcbhk great neutral tool safe on block spaced out and on hit is knocxkdown oki,caction,3,1,38,a
597,4807,match round two,9,[3:30:54] ,freakyyyy,like ed i think buy only,game,9,1,38,a
598,4808,match round two,9,[3:30:55] ,sagatatemycornflakes,fighting chance,request,1,1,38,b
599,4809,match round two,9,[3:31:01] ,zyxwhitewind,ibuki one,other,10,1,38,b
600,4810,match round two,9,[3:31:01] ,nurselee,ibukis onimusha costume,game,9,1,38,b
601,4811,match round two,9,[3:31:02] ,bananeeftw,ibuki,other,10,1,38,b
602,4812,match round two,9,[3:31:09] ,bunky,ibuki onimusha currently running,other,10,1,38,b
603,4813,match round two,9,[3:31:10] ,zyxwhitewind,onimusha ibuki,other,10,1,38,b
604,4814,match round two,9,[3:31:12] ,hardwork,is this your real rank,question,8,1,38,b
605,4815,match round two,9,[3:31:24] ,renpool,shes got it all,cinfo,5,1,38,c
606,4816,match round two,9,[3:31:27] ,torasamu,hardwork no,other,10,1,38,c
607,4817,match round two,9,[3:31:32] ,sagatatemycornflakes,nvm i meant extra battle,request,1,1,38,c
608,4818,match round two,9,[3:31:32] ,owaowatankatank,qcbhk frame startup massive range hops over lows safe on block okizeme on hit godlike neutral tool,caction,3,1,38,c
609,4819,match round two,9,[3:31:40] ,zyxwhitewind,never heard of a vergil one though,other,10,1,38,c
610,4820,match round two,9,[3:31:44] ,sagatatemycornflakes,get them both cofueed,request,1,1,38,c
611,4821,match round two,9,[3:31:45] ,moobot,join the arcade discord at httpsdiscordggesjxkm,other,10,1,38,c
612,4924,match round two,9,[3:42:29] ,ustinodj,rashidoo this char giving me falke ptsd btw,cinfo,5,103,39,a
613,4925,match round two,9,[3:42:41] ,xenosf,thats what i thought,other,10,1,39,a
614,4926,match round two,9,[3:42:45] ,rashidoo,shes a lil better hurtbox wise,cinfo,5,1,39,b
615,4927,match round two,9,[3:42:52] ,rashidoo,but ye she got the syndrome,cinfo,5,1,39,b
616,4928,match round two,9,[3:42:56] ,wutevadude,does all characters sweat in this level just e honda or am i watching too deep into it,question,8,1,39,c
617,4929,match round two,9,[3:43:01] ,icey,she looks pretty execution heavy,cinfo,5,1,39,c
618,4998,match round two,9,[3:47:13] ,wafflez,there it was again,other,10,69,40,a
619,4999,match round two,9,[3:47:17] ,gailardiagalan,darnellplayer people hate on shotos all shotos except akuma which is fucked and weird ken style has one of the most diverse playstyles to me in this game though,caction,3,1,40,a
620,5000,match round two,9,[3:47:29] ,stevenaitsover,anyone patch changes,request,1,1,40,b
621,5001,match round two,9,[3:47:31] ,wafflez,look at the cpt rank ui when the round finishes,comment,2,1,40,b
622,5002,match round two,9,[3:47:40] ,coffintactics,man dude im really liking these characters this is the first time ive wanted to play everyone,comment,2,1,40,c
623,5003,match round two,9,[3:47:49] ,crimzendagger,hows lucia,question,8,1,40,c
624,5047,match round two,9,[3:51:08] ,machriphi,darnellplayer because hes almost as stupid as ken,cinfo,5,44,41,a
625,5048,match round two,9,[3:51:08] ,mrkarlsync,has the top not been uploaded to twitch yet,other,10,1,41,a
626,5049,match round two,9,[3:51:12] ,zyxwhitewind,annoying to fight against,cinfo,5,1,41,a
627,5050,match round two,9,[3:51:23] ,jamesedsmith,i like that honda has some trainer tape on if you watch real sumo a lot of guys are wearing that since sumo is pretty dangerous and guys get nagging injuries pretty often,cdesign,4,1,41,a
628,5051,match round two,9,[3:51:29] ,joiztik,wow smurfin,goodp,6,1,41,a
629,5052,match round two,9,[3:51:29] ,aitcho,oh switching to v trigger ii was only for training,other,10,1,41,b
630,5053,match round two,9,[3:51:30] ,nurselee,darnellplayer hes one of the best characters of the game,cinfo,5,1,41,b
631,5054,match round two,9,[3:51:32] ,tatomagix,poison seems way more impressive,cinfo,5,1,41,b
632,5055,match round two,9,[3:51:33] ,rashidoo,i need to chck the frame data too,other,10,1,41,b
633,5056,match round two,9,[3:51:37] ,darnellplayer,machriphi ken isnt stupid now i feel you hate ken for no reason,cinfo,5,1,41,b
634,5057,match round two,9,[3:51:37] ,gailardiagalan,people hate rashid because he is literally how every in this game is supposed to be or at least close to it darnellplayer,cinfo,5,1,41,c
635,5058,match round two,9,[3:51:44] ,azurewotan,lol,goodp,6,1,41,c
636,5059,match round two,9,[3:51:46] ,alexiidx,hate watching him instantly corner u and start his boring pressure,caction,3,1,41,c
637,5060,match round two,9,[3:51:48] ,geneiyun,darnellplayer way too linear and boring to watch,cinfo,5,1,41,c
638,5061,match round two,9,[3:51:48] ,azurewotan,not even a punish,other,10,1,41,c
639,5062,match round two,9,[3:51:52] ,ustinodj,rashidoo honder seems like an online monstyer,other,10,1,41,c
640,5088,match round two,9,[3:53:45] ,renpool,rashid still has one of the best themes sooo,cinfo,5,26,42,a
641,5089,match round two,9,[3:53:48] ,hanzosword,cuz were brothers hahahaha,other,10,1,42,a
642,5090,match round two,9,[3:53:51] ,raics,get some kup rawmen too,other,10,1,42,a
643,5091,match round two,9,[3:54:01] ,shaboogen,do dhp into run cancel instead of dmp into run cancel,request,1,1,42,b
644,5092,match round two,9,[3:54:04] ,shaboogen,its safe,comment,2,1,42,b
645,5093,match round two,9,[3:54:05] ,stevenaitsover,is this english lucia or japanese,question,8,1,42,b
646,5094,match round two,9,[3:54:19] ,easxl,english,other,10,1,42,c
647,5095,match round two,9,[3:54:26] ,joiztik,respek da law,caction,3,1,42,c
648,5096,match round two,9,[3:54:30] ,ahrenk,dash and mash arcade,request,1,1,42,c
649,5097,match round two,9,[3:54:40] ,panik,respecc tha lawah,caction,3,1,42,c
650,5154,match round two,9,[3:58:08] ,kawaiidin,fchamp is saying shes top,other,10,57,43,a
651,5155,match round two,9,[3:58:09] ,cjgrayson,she is ken,cinfo,5,1,43,a
652,5156,match round two,9,[3:58:09] ,devsf,so was kage when he came out,cinfo,5,1,43,a
653,5157,match round two,9,[3:58:11] ,wutevadude,pokketderp,other,10,1,43,a
654,5158,match round two,9,[3:58:21] ,llesor,she seemed unga bunga by her trailer,cinfo,5,1,43,b
655,5159,match round two,9,[3:58:21] ,zyxwhitewind,wait is she guy,cdesign,4,1,43,b
656,5160,match round two,9,[3:58:27] ,raynys,lol,goodp,6,1,43,b
657,5161,match round two,9,[3:58:28] ,llesor,nooood,other,10,1,43,b
658,5162,match round two,9,[3:58:28] ,sak,sakura was already on the bench,cinfo,5,1,43,c
659,5163,match round two,9,[3:58:29] ,aitcho,unga bunga nuts,other,10,1,43,c
660,5164,match round two,9,[3:58:30] ,kingofrogs,wtf my eyes are deceiving im saying ken,cdesign,4,1,43,c
661,5165,match round two,9,[3:58:34] ,admiralackbarssnackbar,according to she ahs no oki though,other,10,1,43,c
662,5166,match round two,9,[3:58:34] ,kingofrogs,not ken plzzzzzzzzzzzzz,request,1,1,43,
663,5280,match round two,9,[4:05:09] ,devsf,did stop doing lobbies,other,10,114,44,a
664,5281,match round two,9,[4:05:31] ,thatlnsomniaczack,damuffinman ill tell you when my muscle memory is solid lol,other,10,1,44,a
665,5282,match round two,9,[4:05:43] ,damuffinman,fair enough thatlnsomniaczack,other,10,1,44,b
666,5283,match round two,9,[4:05:44] ,zyxwhitewind,lobbies been ded for a long time,other,10,1,44,b
667,5284,match round two,9,[4:05:47] ,giefreplays,kirb rename your preferences folder in appdata,other,10,1,44,c
668,5285,match round two,9,[4:05:52] ,robzoobie,what is this g doing,question,8,1,44,c
669,5360,match round two,9,[4:12:24] ,galexylo,honda theme causes lag,cdesign,4,75,45,a
670,5361,match round two,9,[4:12:24] ,thehonorableryu,honda wearing clothes,cdesign,4,1,45,a
671,5362,match round two,9,[4:12:26] ,machriphi,easxl she seems pretty good shes got range aas damage corner carry oki the only thing thats not too impressive are her vts arent robbery but i also didnt lab them extensively,cdesign,4,1,45,b
672,5363,match round two,9,[4:12:29] ,technonecro,lag op,other,10,1,45,b
673,5364,match round two,9,[4:12:33] ,yunggrasshopper,her fireball hits moves that are projectile invincible i couldnt tatsu through it,caction,3,1,45,c
674,5365,match round two,9,[4:12:38] ,itsakili,the netcode patch,game,9,1,45,c
675,5366,match round two,9,[4:12:43] ,kumikones,cant update the netcode man itll hurt the balance of the game for the cpt,game,9,1,45,c
676,5453,match round two,9,[4:20:03] ,thehonorableryu,mantiskilla machriphi yeah i played ff with my brother a lot when it came out still have the cart in storage somewhere i was surprised to see her in sfv because i felt like only a few people knew who she was d,game,9,87,46,a
677,5454,match round two,9,[4:20:04] ,yunggrasshopper,i feel like poison has her own identity,cinfo,5,1,46,a
678,5455,match round two,9,[4:20:04] ,vzu,whipe is fast enough kinda hard to punish,caction,3,1,46,a
679,5456,match round two,9,[4:20:07] ,ikarithewarrior,like ryu s fireball on start up,caction,3,1,46,a
680,5457,match round two,9,[4:20:08] ,metalxoath,mikaigamer to be fair if it wasnt shed be retardedly strong,cinfo,5,1,46,b
681,5458,match round two,9,[4:20:09] ,vzu,whip,other,10,1,46,b
682,5459,match round two,9,[4:20:13] ,crocboi,mikaigamer who poison,question,8,1,46,b
683,5460,match round two,9,[4:20:15] ,aitcho,how is run slide,question,8,1,46,b
684,5461,match round two,9,[4:20:18] ,kirb,for a character with additional skins is a reasonable price you also have to consider it has new assets new animation music dialogue you could spend hundreds of hours playing the same character learning and discovering new things its a lot better than fallout skins which is just a paint that cos or call of duty shovel that cost,cinfo,5,1,46,c
685,5462,match round two,9,[4:20:19] ,stevenaitsover,wats the next cpt premier event,question,8,1,46,c
686,5463,match round two,9,[4:20:20] ,rocwell,how plus is s mp,question,8,1,46,c
687,5464,match round two,9,[4:20:27] ,empgeneraltsochicken,thoughts on poison,question,8,1,46,c
688,5478,match round two,9,[4:21:53] ,machriphi,kirb no one seems to have an issues spending for a skin in fortnite that doesnt effect the game at all but for a brand new character that changes the game is too much apparently,other,10,14,47,a
689,5479,match round two,9,[4:21:56] ,lurknazmonster,poison feels like a zoner,cinfo,5,1,47,a
690,5480,match round two,9,[4:21:56] ,stevenaitsover,were there any ryu on top at evo,question,8,1,47,a
691,5481,match round two,9,[4:22:02] ,lurknazmonster,sorry aall caps,other,10,1,47,b
692,5482,match round two,9,[4:22:03] ,robzoobie,npnp just here reading the data table and waiting to get off work lol,other,10,1,47,b
693,5483,match round two,9,[4:22:06] ,yunggrasshopper,how you like honda stage,question,8,1,47,b
694,5484,match round two,9,[4:22:06] ,thehonorableryu,mantiskilla yeah exactly,other,10,1,47,c
695,5485,match round two,9,[4:22:15] ,machriphi,kirb that said i spent fm on them,other,10,1,47,c
696,5486,match round two,9,[4:22:27] ,vzu,honda is fn amazing,cinfo,5,1,47,c
697,5525,match round two,9,[4:25:08] ,llesor,mikaigamer thats the rq icon,other,10,39,48,a
698,5526,match round two,9,[4:25:09] ,mantiskilla,the only outift ill ever use with her is the ff one had to get that lol,game,9,1,48,a
699,5527,match round two,9,[4:25:12] ,shajita,itsakili yes,other,10,1,48,b
700,5528,match round two,9,[4:25:15] ,vzu,i got poison nostaligia best colors,game,9,1,48,b
701,5529,match round two,9,[4:25:20] ,llesor,dont know how to fix it tho,other,10,1,48,c
702,5530,match round two,9,[4:25:22] ,thatlnsomniaczack,damuffinman i finally got her stupid whip cancel into muscle memory doodinjury,caction,3,1,48,c
703,5546,match round two,9,[4:26:59] ,mantiskilla,cool that they have that in this,other,10,16,49,a
704,5547,match round two,9,[4:27:05] ,llesor,mikaigamer dunno unfortunately,other,10,1,49,a
705,5548,match round two,9,[4:27:24] ,aitcho,how many cops does sfv have,question,8,1,49,a
706,5549,match round two,9,[4:27:26] ,kiboshkaibutsu,yo poison super cancel heavy it sick,request,1,1,49,b
707,5550,match round two,9,[4:27:35] ,llesor,whoooo,goodp,6,1,49,b
708,5551,match round two,9,[4:27:36] ,xcarbn,does her battle costume have an alt,question,8,1,49,b
709,5552,match round two,9,[4:27:41] ,bloodtidesgm,lucia ken sakura love child,cinfo,5,1,49,c
710,5553,match round two,9,[4:27:43] ,llesor,that was sick,goodp,6,1,49,c
711,5648,match round two,9,[4:37:38] ,komradekontroll,megaman battle royale,other,10,95,50,a
712,5649,match round two,9,[4:37:38] ,machriphi,theyre definitely going to work on new fighting games but nothing is coming out on the current console generation that just doesnt make any sense,game,9,1,50,a
713,5650,match round two,9,[4:37:58] ,shajita,machriphi depending on how teppen works out quite literally nothing fighting games are their entire esportscene,other,10,1,50,b
714,5651,match round two,9,[4:38:07] ,damuffinman,yea everything they got planned fighting gamewise will be next gen,game,9,1,50,b
715,5652,match round two,9,[4:38:08] ,lurknazmonster,m and h dp for her are fireball immune right,other,10,1,50,c
716,5653,match round two,9,[4:38:11] ,empgeneraltsochicken,i mean their big reveal for sf after months was characters it seems to me that the capcom fg division doesnt have much of a budget to work with,game,9,1,50,c
717,5654,match round two,9,[4:38:13] ,gailardiagalan,if they do then they better listen to fans it seems like they just dont care about mvc since quite a few years,game,9,1,50,c
718,5696,match round two,9,[4:41:21] ,metalxoath,does that count as karma for ur vt fireballs lol,question,8,42,51,a
719,5697,match round two,9,[4:41:21] ,rashidoo,okie,other,10,1,51,a
720,5698,match round two,9,[4:41:22] ,shajita,stupid fang hes polluting the bathwater,caction,3,1,51,b
721,5699,match round two,9,[4:41:27] ,komradekontroll,idk man some of the most popular games out there now are straight booty,game,9,1,51,b
722,5700,match round two,9,[4:41:40] ,thatlnsomniaczack,empgeneraltsochicken food your name is making me hungry bearpopcorn,other,10,1,51,c
723,5701,match round two,9,[4:41:40] ,ustinodj,that might work,request,1,1,51,c
724,5792,match round two,9,[4:46:37] ,oneaboveallad,lurknazmonster thanks,other,10,91,52,a
725,5793,match round two,9,[4:46:40] ,doryuzuluvgc,doryuzuluvgc is new here say hello heyguys,other,10,1,52,a
726,5794,match round two,9,[4:46:48] ,exgleipnir,the heat probably makes it more brutal,other,10,1,52,a
727,5795,match round two,9,[4:46:53] ,jameal,damuffinman haha dude u gotta give it to them but they are using umbrellas to shield the sun,other,10,1,52,a
728,5796,match round two,9,[4:46:55] ,lurknazmonster,np its hard to find in the list oneaboveallad,other,10,1,52,b
729,5797,match round two,9,[4:46:56] ,exgleipnir,yeah this blanka wants to crack out,caction,3,1,52,b
730,5798,match round two,9,[4:47:00] ,damuffinman,hk heat is no joke i almost passed out,other,10,1,52,b
731,5799,match round two,9,[4:47:03] ,exgleipnir,damn mad props,cdesign,4,1,52,b
732,5800,match round two,9,[4:47:06] ,jameal,yea its hot atm,other,10,1,52,c
733,5801,match round two,9,[4:47:12] ,kumikones,its more damage to do command run into kicks,cinfo,5,1,52,c
734,5802,match round two,9,[4:47:13] ,jameal,best time to visit is october,other,10,1,52,c
735,5827,match round two,9,[4:49:00] ,thatlnsomniaczack,jlocke doodbro,other,10,25,53,a
736,5828,match round two,9,[4:49:02] ,exgleipnir,boston chicks are chill af,cdesign,4,1,53,a
737,5829,match round two,9,[4:49:11] ,exgleipnir,east coast in general,other,10,1,53,a
738,5830,match round two,9,[4:49:16] ,gailardiagalan,gtfo,other,10,1,53,a
739,5831,match round two,9,[4:49:24] ,gailardiagalan,nothing better than european women,other,10,1,53,b
740,5832,match round two,9,[4:49:32] ,exgleipnir,at least the ones raised right,other,10,1,53,b
741,5833,match round two,9,[4:49:32] ,spliffybaz,east coast so uptight,other,10,1,53,b
742,5834,match round two,9,[4:49:34] ,naughtyjuri,noticed capcom didnt announce season pass and supposedly there was more announcement,game,9,1,53,b
743,5835,match round two,9,[4:49:37] ,iveseenfootageistaynoided,i miss the flag of imperial japan on the wall,game,9,1,53,c
744,5836,match round two,9,[4:49:42] ,damuffinman,im out leaving work thanks for the stream bro,other,10,1,53,c
745,5837,match round two,9,[4:49:42] ,exgleipnir,right now the tier list says otherwise,game,9,1,53,c
746,5838,match round two,9,[4:49:47] ,shinzo,decent women from every country my guy no need to compare them,other,10,1,53,c
747,5839,match round two,9,[4:49:48] ,damuffinman,later chat doodbro,other,10,1,53,c
748,5874,match round two,9,[4:52:20] ,rashidoo,i believe,goodp,6,35,54,a
749,5875,match round two,9,[4:52:23] ,rashidoo,i can fly,goodp,6,1,54,a
750,5876,match round two,9,[4:52:25] ,robzoobie,kk just asking cause it said you can cancel vskill out of firball,request,1,1,54,a
751,5877,match round two,9,[4:52:26] ,exgleipnir,yo this alex does not give af,comment,2,1,54,b
752,5878,match round two,9,[4:52:30] ,uchihajup,maybe its cause he has peach fuss for facial hair,other,10,1,54,b
753,5879,match round two,9,[4:52:41] ,exgleipnir,lol he does not givew a f,goodp,6,1,54,b
754,5880,match round two,9,[4:52:49] ,fluffysheap,so is honda stage viable online or is it still training stage only for sanity,game,9,1,54,c
755,5881,match round two,9,[4:52:50] ,goodpart,none of the new three seem terribly strong think i can pretty safely skip these chars,game,9,1,54,c
756,5911,match round two,9,[4:54:25] ,igrimninja,poisons vskill ins proj inv and im pretty sure her far vt command grab is too so i mean i think lucia is probably the worst of the and she seems solid,cinfo,5,30,55,c
757,5912,match round two,9,[4:54:32] ,lordmargarita,i like that poison can do all sorts of wild feints with her whip seems like shell be fun to play mind games with,cinfo,5,1,55,a
758,5913,match round two,9,[4:54:33] ,wutevadude,that was a long time ago though,cinfo,5,1,55,a
759,5914,match round two,9,[4:54:36] ,exgleipnir,gallardia never bother digging holes with a tier whoe,cinfo,5,1,55,a
760,5915,match round two,9,[4:54:41] ,exgleipnir,theyll bury you in it,cinfo,5,1,55,a
761,5916,match round two,9,[4:54:43] ,goodpart,no but it makes her uninteresting so if she isnt strong or interesting then,cinfo,5,1,55,a
762,5917,match round two,9,[4:54:48] ,gailardiagalan,lol,goodp,6,1,55,b
763,5918,match round two,9,[4:54:48] ,exgleipnir,then after theyll fall in,cinfo,5,1,55,b
764,5919,match round two,9,[4:54:49] ,retrofgc,i like her default costume just wish you can remove the stupid socks punoko,cdesign,4,1,55,b
765,5920,match round two,9,[4:55:02] ,exgleipnir,the socks are dope though,cdesign,4,1,55,b
766,5921,match round two,9,[4:55:09] ,shinzo,tier lists shouldnt ever matter until you are literally playing in tournaments or in the top of cfn,game,9,1,55,b
767,5922,match round two,9,[4:55:13] ,alcampy,retrofgc using a weab emote against weab socks thats painful to watch,game,9,1,55,c
768,5923,match round two,9,[4:55:15] ,machriphi,goodpart i personally think shes way more interesting that she was before she was one of the most boring characters in also she seems pretty decent good range really good damage corner carry anti airs tick throws oki the only thing shes missing is a robbery vt,cinfo,5,1,55,c
769,5924,match round two,9,[4:55:17] ,goodpart,i enjoyed her projectile setups and i like rekka characters they took them both away along with her dp,cinfo,5,1,55,c
770,5964,match round two,9,[4:57:42] ,exgleipnir,igrimninja ay thats pretty intelligent tbh,other,10,40,56,c
771,5965,match round two,9,[4:57:48] ,paperspy,lucia is almost peter the cop if u think about it,cinfo,5,1,56,a
772,5966,match round two,9,[4:57:53] ,machriphi,goodpart yeah guys known for his fireball game,game,9,1,56,a
773,5967,match round two,9,[4:58:06] ,exgleipnir,she reminds me of eddy shoutouts to alpha eddy,cinfo,5,1,56,b
774,5968,match round two,9,[4:58:09] ,varodor,top on youtube sf channel,other,10,1,56,b
775,5969,match round two,9,[4:58:18] ,xxjxriahxx,thanks,other,10,1,56,c
776,5970,match round two,9,[4:58:19] ,shingo,igrimninja shes built to use vskill in her combos to build it faster,caction,3,1,56,c
777,6070,match round two,9,[5:06:02] ,goodpart,light has no air invuln,game,9,100,57,a
778,6071,match round two,9,[5:06:10] ,killacam,or hope of humanity is lost,other,10,1,57,a
779,6072,match round two,9,[5:06:13] ,exgleipnir,it trades which gives you follow up,game,9,1,57,a
780,6073,match round two,9,[5:06:14] ,goodpart,so unless you hit it super early youre gonna get tagged,game,9,1,57,a
781,6074,match round two,9,[5:06:24] ,exgleipnir,which id rather have than going all the way up then landing in your face,question,8,1,57,a
782,6075,match round two,9,[5:06:26] ,renpool,no more boxers give us a spinner,game,9,1,57,b
783,6076,match round two,9,[5:06:27] ,xjerow,killacam cviper dudley and hugo or oro that would be cool,request,1,1,57,b
784,6077,match round two,9,[5:06:29] ,goodpart,and tbh if the opponent is jumping properly and hitting their airs deep you wont get a choice,caction,3,1,57,b
785,6078,match round two,9,[5:06:35] ,exgleipnir,id rather walk up to your face or walk away from your face depending if its uggo or not,caction,3,1,57,b
786,6079,match round two,9,[5:06:42] ,wutevadude,lpl poison is from metro city with hugo lol,cinfo,5,1,57,b
787,6080,match round two,9,[5:06:43] ,xjerow,killacam or necro haha,request,1,1,57,c
788,6081,match round two,9,[5:06:46] ,shingo,wat,question,8,1,57,c
789,6082,match round two,9,[5:06:54] ,exgleipnir,just give me dudley,request,1,1,57,c
790,6083,match round two,9,[5:06:55] ,goodpart,what on earth,goodp,6,1,57,c
